OBJECTID,parkName,altPrkName,parkAddr,addressFull,prkAcreage,bcrpPark,parkOprtr,parkClass,ctyOwndPrk,bcrpAmnty,parkDstrct,cnclDstrct,policeDstrct,lgsltvDstrct,friendsGroup,Shape__Area,Shape__Length,perTreeCover18,perGreenSpace18,perUndvlpEst18,undvlpAcreage18,siteID
1,32nd Street Park,Abell Open Space,301 E 32nd St,"301 EAST 32ND ST, BALTIMORE, MD, 21218",0.16872078,Y,BCRP,Mini Park,Y,,Clifton,14,Northern,43,Yes,7349.506592,343.7818102,21.72022249,88.67669714,12.119302,0.020447944,P1
2,Adams Park,,1530 Montpelier St,"1530 MONTPELIER ST, BALTIMORE, MD, 21218",0.622840792,Y,BCRP,Mini Park,Y,,Clifton,14,Eastern,43,Unknown,27131.05328,1048.083366,46.20768366,76.6860061,39.21931348,0.244275837,P2
3,Alexander Odum Park,,3111 Presstman St,"3111 PRESSTMAN ST, BALTIMORE, MD, 21216",1.357200346,Y,BCRP,Neighborhood Park,Y,,Gwynns Falls,9,Northwestern,40,Unknown,59119.88367,1068.94544,48.59442977,82.26142272,70.72553269,0.959894854,P3
4,Alhambra Park,,5200 Alhambra Ave,"5200 ALHAMBRA AVE, BALTIMORE, MD, 21212",0.992765125,Y,BCRP,Mini Park,Y,,Clifton,4,Northern,43,Unknown,43245.02191,1435.810078,5.459685519,68.93987562,0.166030194,0.001648303,P4
5,Henrietta Lacks Educational Park,Ambrose Kennedy Park,1002 Harford Ave,"1002 HARFORD AVE, BALTIMORE, MD, 21202",1.725192749,Y,BCRP,Neighborhood Park,Y,,Patterson,12,Central,45,Unknown,75149.69678,1171.859533,5.08901804,52.03827728,1.945139536,0.033557675,P5
6,Anchorage Promenade Park,,2339 Boston St (Rear),"2339 BOSTON ST, BALTIMORE, MD, 21224",0.296761909,Y,BCRP,Citywide Park,Y,,Patterson,1,Southeastern,46,Unknown,12927.00037,1744.913202,8.138380954,82.35996591,42.2888729,0.12549827,P6
7,Andover & North Hill Park,,1116 Andover Rd (Rear),"1116 ANDOVER RD, BALTIMORE, MD, 21218",0.602632734,Y,BCRP,Mini Park,Y,,Clifton,14,Northeastern,43,Unknown,26250.78693,705.9683405,43.41243854,83.36764735,31.41985794,0.189347864,P7
8,Arnold Sumpter Park,,240 Laurens St,"240 LAURENS ST, BALTIMORE, MD, 21217",2.974128838,Y,BCRP,Neighborhood Park,Y,,Druid Hill,7,Western,40,Unknown,129553.5706,1505.561177,47.68026901,97.03879666,69.85872966,2.077705246,P8
9,Asbury Park,,1322 Asbury Rd,"1322 ASBURY RD, BALTIMORE, MD, 21209",2.798917353,Y,BCRP,Green Space,Y,,Druid Hill,5,Northern,41,Unknown,121921.3271,3146.046081,69.53697879,99.16579052,67.5834776,1.891620816,P9
10,Atlantic Avenue Park,,2304 Atlantic Ave,"2304 ATLANTIC AVE, BALTIMORE, MD, 21230",1.611079024,Y,BCRP,Green Space,Y,,Carroll,10,Southern,46,Unknown,70178.88318,1661.034567,72.30918882,94.47332793,39.70593163,0.639699053,P10
11,B & O Museum Park,,906 W Pratt St,"906 WEST PRATT ST, BALTIMORE, MD, 21223",0.479261693,N,BCRP,Mini Park,Y,,Gwynns Falls,9,Southwestern,40,Unknown,20876.63928,606.7980193,17.07618855,68.43578855,10.22713768,0.049014949,P11
12,B & O Slope Park,,1400 Cathedral St,"1400 CATHEDRAL ST, BALTIMORE, MD, 21201",0.917281469,Y,BCRP,Green Space,Y,,Carroll,11,Central,40,Unknown,39956.94055,1240.466104,35.41847876,91.11142947,4.276703631,0.039229724,P12
13,Barbara & Parkwood Park,,5101 Mayview Ave,"5101 MAYVIEW AVE, BALTIMORE, MD, 21206",6.828928477,Y,BCRP,Forest,Y,,Clifton,2,Northeastern,45,Unknown,297469.3139,2855.565274,97.13715724,99.99321938,73.56427423,5.023691861,P13
14,Calvert Street Park,Barclay Park,2201 N Calvert St,"2201 NORTH CALVERT ST, BALTIMORE, MD, 21218",1.326468359,Y,BCRP,Neighborhood Park,Y,,Clifton,12,Eastern,43,Unknown,57781.19287,1004.00041,36.34892391,94.38655235,35.68183749,0.473312071,P14
15,Belnord Square Park,Library Square Park,2800 Pulaski Hwy,"2800 PULASKI HWY, BALTIMORE, MD, 21224",1.10596609,Y,BCRP,Mini Park,Y,,Patterson,13,Southeastern,45,Unknown,48176.07599,1692.511856,62.57759416,81.98511034,50.85950309,0.562493358,P15
16,Belvedere & Sunset Street Park,,W Belvedere & Suset Rd,"WEST BELVEDERE AVE & SUNSET RD, BALTIMORE, MD, 21215",0.172176251,Y,BCRP,Green Space,Y,,Druid Hill,6,Northern,41,Unknown,7500.027405,376.4242458,71.17199742,99.07029998,0.115307404,0.000198534,P16
17,Betty Hyatt Park,,1710 E Baltimore St,"1710 EAST BALTIMORE ST, BALTIMORE, MD, 21231",1.758938639,Y,BCRP,Neighborhood Park,Y,,Patterson,13,Central,46,Yes,76619.67358,1192.398925,38.62455391,64.00940507,0.251000411,0.004414979,P17
18,Bishop Square Park,,W University Ave & N Charles St,"WEST UNIVERSITY PKWY & NORTH CHARLES ST, BALTIMORE, MD, 21218",0.882420515,Y,BCRP,Mini Park,Y,,Clifton,14,Northern,43,Unknown,38438.39136,828.958726,40.72091275,93.43424362,50.99375611,0.449982965,P18
19,Bocek Park,,3000 E Madison St,"3000 EAST MADISON ST, BALTIMORE, MD, 21205",16.81712811,Y,BCRP,Citywide Park,Y,,Patterson,13,Southeastern,45,Unknown,732557.0308,3714.979256,10.87668906,93.15137226,0.295854735,0.049754668,P19
20,Bonview Park,,3800 Sinclair Ln (Rear),"3800 SINCLAIR LN, BALTIMORE, MD, 21213",0.381617668,Y,BCRP,Mini Park,Y,,Clifton,13,Eastern,45,Unknown,16623.33197,560.3349317,20.25334796,40.39035434,14.19956875,0.054188497,P20
21,Boston Street Pier Park,,2601 Boston St,"2601 BOSTON ST, BALTIMORE, MD, 21224",0.726247629,Y,BCRP,Mini Park,Y,,Patterson,1,Southeastern,46,Unknown,31635.47327,797.4332956,20.93024482,82.91008639,5.61673624,0.04079174,P21
22,Bucknell & Moores Park,,5400 Bucknell Rd,"5400 BUCKNELL RD, BALTIMORE, MD, 21206",0.334045855,Y,BCRP,Mini Park,Y,,Clifton,2,Northeastern,45,Unknown,14551.0957,499.7252516,7.795767588,55.10723195,25.29904494,0.084511087,P22
23,Buena Vista Park,,4001 Buena Vista Ave,"4001 BUENA VISTA AVE, BALTIMORE, MD, 21211",2.824610332,Y,BCRP,Neighborhood Park,Y,,Druid Hill,7,Northern,40,Unknown,123040.5183,1407.044636,22.55741136,89.60193395,13.67297251,0.386211284,P23
24,Burdick Park,,6300 Walther Ave,"6300 WALTHER AVE, BALTIMORE, MD, 21206",11.02961885,Y,BCRP,Neighborhood Park,Y,,Clifton,2,Northeastern,45,Unknown,480452.1191,3081.260319,46.23544229,94.16409147,9.740513509,1.074350109,P24
25,C.C. Jackson Park,Park Heights,4910 Park Heights Ave,"4910 PARK HEIGHTS AVE, BALTIMORE, MD, 21215",9.747593947,Y,BCRP,Neighborhood Park,Y,,Druid Hill,6,Northern,41,Unknown,424606.891,3282.583299,10.31388675,68.09211556,2.942465594,0.286821893,P25
26,Calvert & Federal Park,,1601 N Calvert St,"1601 NORTH CALVERT ST, BALTIMORE, MD, 21202",0.248515765,Y,BCRP,Mini Park,Y,,Patterson,12,Eastern,45,Unknown,10825.39001,415.6867655,87.31371693,91.74245096,8.536906909,0.021215729,P26
27,Mount Vernon Children's Park,Calvert & Madison Park,801 N Calvert St,"801 NORTH CALVERT ST, BALTIMORE, MD, 21202",0.159271071,Y,BCRP,Mini Park,Y,,Carroll,12,Central,46,Unknown,6937.87561,351.8458583,29.71566395,47.64146093,2.921558963,0.004653235,P27
28,Canton Waterfront Park,,3001 Boston St,"3001 BOSTON ST, BALTIMORE, MD, 21224",8.55993403,Y,BCRP,Citywide Park,Y,,Patterson,1,Southeastern,46,Unknown,372872.2174,3920.803794,21.62199489,60.32685072,4.435840765,0.379708081,P28
29,Carlton Street Park,,115 S Carlton St,"115 SOUTH CARLTON ST, BALTIMORE, MD, 21223",0.128664249,Y,BCRP,Special Use - Facility,Y,,Gwynns Falls,9,Southwestern,40,Unknown,5604.637085,301.972936,88.16455715,95.80582797,20.31428425,0.02613743,P29
30,Caroline & Hoffman Park,,1351 N Eden St,"1351 NORTH EDEN ST, BALTIMORE, MD, 21213",1.046301254,Y,BCRP,Neighborhood Park,Y,,Patterson,12,Eastern,45,Unknown,45577.06482,1039.094348,53.76165789,63.26523418,12.87691208,0.13473237,P30
31,Carroll & Archer Park,,838 Carroll St,"838 CARROLL ST, BALTIMORE, MD, 21230",0.108407771,Y,BCRP,Mini Park,Y,,Carroll,10,Southern,40,Unknown,4722.261536,271.6249234,29.70034036,29.70034036,12.19212868,0.013217321,P31
32,Castle Street Park,,2025 E Fairmount Ave,"2025 EAST FAIRMOUNT AVE, BALTIMORE, MD, 21231",0.681619532,Y,BCRP,Mini Park,Y,,Patterson,13,Southeastern,46,Unknown,29691.46576,898.1674875,57.10660355,91.22317233,1.491615963,0.010167227,P32
33,Catherine Street Park,,2311 Ashton St,"2311 ASHTON ST, BALTIMORE, MD, 21223",2.185536486,Y,BCRP,Neighborhood Park,Y,,Carroll,9,Southwestern,40,Unknown,95202.3501,1274.139257,12.70863147,84.3463892,1.134252566,0.024789702,P33
34,Chestnut Hill Park,,601 Chestnut Hill Ave,"601 CHESTNUT HILL AVE, BALTIMORE, MD, 21218",0.381223767,Y,BCRP,Mini Park,Y,,Clifton,14,Northern,43,Unknown,16606.17365,732.6690347,32.05489304,77.40510005,35.99332285,0.137216199,P34
35,Chinquapin Run Park,,6000 Chinquapin Pkwy,"6000 CHINQUAPIN PKWY, BALTIMORE, MD, 21239",80.9703283,Y,BCRP,Citywide Park,Y,,Clifton,"3,4",Northeastern,43,Unknown,3527081.608,25113.38104,76.70984375,97.90910366,89.75000699,72.67145668,P35
36,City Springs Park,,1600 E Baltimore St,"1600 EAST BALTIMORE ST, BALTIMORE, MD, 21231",3.845375496,Y,BCRP,Neighborhood Park,Y,,Patterson,12,Central,46,Unknown,167505.2266,1631.428823,21.75212478,87.47259621,2.250232061,0.086530565,P36
37,Clifton Park,,2801 Harford Rd,"2801 HARFORD RD, BALTIMORE, MD, 21213",246.1781522,Y,BCRP,Citywide Park,Y,,Clifton,12,Eastern,45,Yes,10723563.21,26590.11573,21.86838142,91.75268173,6.037520921,14.86317635,P37
38,Coldstream Park,,1401 Filmore St,"1401 FILLMORE ST, BALTIMORE, MD, 21218",3.44600023,Y,BCRP,Neighborhood Park,Y,,Clifton,14,Eastern,43,Unknown,150108.3704,1899.897525,53.74677925,79.74543571,23.27314514,0.801999051,P38
39,Collington Square Park,,2131 E Hoffman St,"2131 EAST HOFFMAN ST, BALTIMORE, MD, 21213",5.657702573,Y,BCRP,Neighborhood Park,Y,,Patterson,13,Eastern,45,Unknown,246450.5101,2124.61248,21.62213165,82.17881995,14.62061991,0.827197806,P39
40,Columbus Park,Inner Harbor,300 President St,"300 PRESIDENT ST, BALTIMORE, MD, 21202",0.866271094,Y,Waterfront Partnership (BCRP),Citywide Park,Y,,Patterson,12,Central,46,Unknown,37734.91986,779.0061727,29.23622396,43.6010833,19.14520003,0.165850661,P40
41,Congressional Medal Of Honor Traffic Island,,1100 Park Ave,"1100 PARK AVE, BALTIMORE, MD, 21201",0.421091869,Y,BCRP,Green Space,Y,,Druid Hill,11,Western,40,Unknown,18342.83527,604.8447861,53.29005383,83.01326101,51.32756514,0.216137932,P41
42,Contee-Parago Park,Contee-Parago Traffic Island,280 Dolphin St,"280 DOLPHIN ST, BALTIMORE, MD, 21217",0.326375291,Y,BCRP,Mini Park,Y,,Druid Hill,11,Western,40,Unknown,14216.96448,503.487573,90.20258587,93.66063996,73.88572151,0.241146668,P42
43,Conway Street Park,,601 W Conway St,"601 WEST CONWAY ST, BALTIMORE, MD, 21230",2.11855837,Y,BCRP,Mini Park,Y,,Carroll,10,Southern,46,Unknown,92284.77197,1400.118748,47.41870896,94.22412242,91.5764162,1.940115351,P43
44,Candy Stripe Park,Cottage Avenue Park,3700 Cottage Ave (Rear),"3700 COTTAGE AVE, BALTIMORE, MD, 21215",0.533086099,Y,BCRP,Mini Park,Y,,Druid Hill,6,Northern,40,Unknown,23221.32343,745.4252933,41.65479642,52.4410456,30.5556842,0.162889408,P44
45,Cumberland & Carey Park,,1641 N Carey St,"1641 NORTH CAREY ST, BALTIMORE, MD, 21217",1.184113103,Y,BCRP,Neighborhood Park,Y,,Gwynns Falls,7,Western,40,Unknown,51580.17316,976.5726292,15.21087674,55.23907942,1.958882301,0.023195568,P45
46,Curtis Bay Park,,4416 Curtis Ave,"4416 CURTIS AVE, BALTIMORE, MD, 21226",2.236690908,Y,BCRP,Neighborhood Park,Y,,Carroll,10,Southern,46,Unknown,97430.64557,1321.474169,12.51116645,56.73699274,0.796500464,0.017815396,P46
47,Cylburn Arboretum,,4915 Greenspring Ave,"4915 GREENSPRING AVE, BALTIMORE, MD, 21209",237.56913,Y,BCRP,Special Use - Facility,Y,,Druid Hill,6,Northern/Northwestern,41,Yes,10348552.7,29017.54697,84.08587604,95.12283725,76.14014436,180.8869256,P47
48,Daisy Field,,N Monastery Ave & N Hilton St,"N MONASTERY AVE & N HILTON ST, BALTIMORE, MD, 21229",28.00161498,Y,BCRP,Neighborhood Park,Y,,Gwynns Falls,"8,9",Southwestern,40/41,Unknown,1219755.227,8907.151363,70.54723491,97.26037204,95.15304613,26.64460277,P48
49,Desoto Park,,1600 Desoto Rd,"1600 DESOTO RD, BALTIMORE, MD, 21230",6.445167106,Y,BCRP,Neighborhood Park,Y,,Carroll,10,Southern,40,Unknown,280752.6022,2432.543662,31.97200516,83.63786955,19.34508471,1.246833011,P49
50,Dewees Park,,5501 Ivanhoe Ave,"5501 IVANHOE AVE, BALTIMORE, MD, 21212",15.83814671,Y,BCRP,Neighborhood Park,Y,,Clifton,4,Northern,43,Unknown,689912.4302,4872.211073,14.31543268,95.27696059,1.309189268,0.207352976,P50
51,Douglas R. Morrison Park,,1719 Park Ave (Rear),"1719 PARK AVE, BALTIMORE, MD, 21217",0.072681191,Y,BCRP,Green Space,Y,,Druid Hill,7,Western,40,Unknown,3166.005371,243.4560507,69.37926786,99.26600955,0.544251805,0.000395572,P51
52,Easterwood Park,,1522 N Bentalou St,"1522 NORTH BENTALOU ST, BALTIMORE, MD, 21216",7.819256218,Y,BCRP,Neighborhood Park,Y,,Gwynns Falls,7,Western,40,Unknown,340608.1631,2422.773849,38.05657016,93.88603371,1.726373208,0.134990624,P52
53,Eden & Eager Park,,911 N Eden St,"911 NORTH EDEN ST, BALTIMORE, MD, 21205",0.715874994,Y,BCRP,Mini Park,Y,,Patterson,12,Central,45,Unknown,31183.63953,1242.846154,67.76928549,84.21475719,0.613402458,0.00439123,P53
54,Edgecombe Park,,2601 Edgecombe Cir N,"2601 EDGECOMBE CIR NORTH, BALTIMORE, MD, 21215",5.489964617,Y,BCRP,Neighborhood Park,Y,,Druid Hill,6,Northern,40,Yes,239143.8153,1990.954289,81.58684019,96.78649754,70.2660292,3.857611002,P54
55,Edgewood / Lyndhurst Park,,835 Allendale St,"835 ALLENDALE ST, BALTIMORE, MD, 21229",7.257893239,Y,BCRP,Neighborhood Park,Y,,Gwynns Falls,8,Southwestern,41,Unknown,316155.0941,2537.469209,39.58401994,87.58112506,13.57270788,0.985100529,P55
56,Elgin Park,,2821 Gwynns Falls Pkwy,"2821 GWYNNS FALLS PKWY, BALTIMORE, MD, 21216",1.216288193,Y,BCRP,Green Space,Y,,Gwynns Falls,7,Western,40,Unknown,52981.72583,1070.198634,6.475077402,91.01321135,15.77022749,0.19181295,P56
57,Ellwood Avenue Park,Ellwood Park,420 N Ellwood Ave,"420 NORTH ELLWOOD AVE, BALTIMORE, MD, 21224",5.858268851,Y,BCRP,Neighborhood Park,Y,,Patterson,13,Southeastern,45,Unknown,255187.2121,3719.276025,20.68976807,87.88732223,5.286331545,0.309689992,P57
58,Elm Park,,3416 Elm Ave,"3416 ELM AVE, BALTIMORE, MD, 21211",0.263459891,Y,BCRP,Mini Park,Y,,Druid Hill,14,Northern,40,Unknown,11476.3587,433.3762352,25.65734354,80.83515136,6.613181627,0.01742322,P58
59,Elmley Avenue Park,,3347 Cliftmont Ave (Rear),"3347 CLIFTMONT AVE, BALTIMORE, MD, 21213",1.408791943,Y,BCRP,Mini Park,Y,,Clifton,13,Eastern,45,Unknown,61367.22235,1352.960837,21.16911036,69.87781418,8.786961014,0.123790989,P59
60,Eutaw Place Median Park,,1200 - 2000 Eutaw Pl,"2000 EUTAW PL, BALTIMORE, MD, 21217",5.442804492,Y,BCRP,Neighborhood Park,Y,,Druid Hill,"7, 11",Western,40,Unknown,237089.5114,7364.114118,61.62069101,88.79113917,63.48569179,3.455429728,P60
61,Evesham Avenue Park,,Northern Pkwy & Clearspring Rd,"EAST NORTHERN PKWY & CLEARSPRING RD, BALTIMORE, MD, 21212",4.113817343,Y,BCRP,Neighborhood Park,Y,,Clifton,4,Northeastern,43,Unknown,179198.6006,3468.940803,79.68510552,97.53801514,68.96540302,2.837133407,P61
62,Farring Baybrook Park,Duane Avenue Park,4501 Fairing Ct,"4501 FAIRING CT, BALTIMORE, MD, 21225",91.18422487,Y,BCRP,Citywide Park,Y,,Carroll,10,Southern,46,Unknown,3972000.724,20748.33621,26.64387124,90.00924992,22.25747217,20.29546583,P62
63,Fawcett & Hampden Park,,401 Fawcett St,"401 FAWCETT ST, BALTIMORE, MD, 21211",0.124995923,Y,BCRP,Mini Park,Y,,Druid Hill,12,Northern,43,Unknown,5444.84436,289.3613075,40.4231873,47.02814575,26.34709773,0.032933061,P63
64,Federal Hill Park,,300 Warren Ave,"300 WARREN AVE, BALTIMORE, MD, 21230",10.63844115,Y,BCRP,Citywide Park,Y,,Carroll,11,Southern,46,Yes,463412.35,3373.094888,23.71685911,89.5749016,22.08292944,2.349298247,P64
65,Ferry Bar Park,,2700 Light St,"2700 LIGHT ST, BALTIMORE, MD, 21230",0.569826639,Y,BCRP,Mini Park,Y,,Carroll,11,Southern,46,Unknown,24821.7475,646.2380236,5.148043942,99.99996607,85.30039666,0.486068272,P65
66,F. Scott Fitzgerald Park,,1627 Bolton St,"1627 BOLTON ST, BALTIMORE, MD, 21217",0.299291283,Y,BCRP,Mini Park,Y,,Druid Hill,7,Western,40,Unknown,13037.18048,462.3957376,55.62099461,89.24738083,16.30970091,0.048813904,P66
67,Florence Cummins Park,,2501 Maisel St,"2501 MAISEL ST, BALTIMORE, MD, 21230",4.368502121,Y,BCRP,Neighborhood Park,Y,,Carroll,10,Southern,46,Unknown,190292.7135,1726.439412,8.862670574,92.90303216,11.83162395,0.516868878,P67
68,Flowerton Road Park,,4249 Flowerton Rd (Rear),"4249 FLOWERTON RD, BALTIMORE, MD, 21229",0.290314837,Y,BCRP,Mini Park,Y,,Gwynns Falls,8,Southwestern,41,Unknown,12646.16492,521.305193,36.89719831,90.64712202,31.19535464,0.090565468,P68
69,Forest Park Golf Course,,2900 Hillsdale Rd,"2900 HILLSDALE RD, BALTIMORE, MD, 21207",180.7060477,Y,BCRP,Special Use - Facility,Y,,Gwynns Falls,8,Northwestern,41,Unknown,7871586.926,19920.24256,39.75295715,97.26537033,22.48638212,40.63457748,P69
70,Forrest Street Park,,1100 Forrest St Park,"1100 FORREST ST, BALTIMORE, MD, 21202",0.26596352,Y,BCRP,Mini Park,Y,,Patterson,12,Central,45,Unknown,11585.4173,438.2604138,30.56406371,34.5949374,7.080388706,0.018831402,P70
71,Fort Armistead Park,,4000 Hawkins Point Rd,"4000 HAWKINS POINT RD, BALTIMORE, MD, 21226",37.4173581,Y,BCRP,Citywide Park,Y,,Carroll,10,Southern,46,Unknown,1629906.639,6695.172135,43.91836704,84.23847148,82.54068882,30.88479219,P71
72,Fort Holabird Park,Cimaglia Park,6401 Beckley St,"6401 BECKLEY ST, BALTIMORE, MD, 21224",45.8035222,Y,BCRP,Citywide Park,Y,,Patterson,1,Southeastern,46,Unknown,1995209.407,12859.01156,45.29621542,89.62038438,39.31271604,18.00675267,P72
73,Fox Street Park,,310 W 28th St,"310 WEST 28TH ST, BALTIMORE, MD, 21211",0.046102182,Y,BCRP,Green Space,Y,,Druid Hill,14,Northern,43,Unknown,2008.218994,192.4903303,0.145461639,65.75835724,,,P73
74,Francis X. Gallagher Park,,3350 Dulany St,"3350 DULANY ST, BALTIMORE, MD, 21229",2.60742026,Y,BCRP,Green Space,Y,,Carroll,"9,10",Southwestern,41,Unknown,113579.6807,1377.473806,94.23912627,98.75211963,76.57366946,1.996613344,P74
75,Franklin Square Park,,1301 W Lexington St,"1301 WEST LEXINGTON ST, BALTIMORE, MD, 21223",2.94031754,Y,BCRP,Neighborhood Park,Y,,Gwynns Falls,9,Southwestern,40,Unknown,128080.7443,1415.627265,49.73530881,82.09497992,73.88179955,2.17237689,P75
76,Garrett Park,,3560 3rd St,"3560 3RD ST, BALTIMORE, MD, 21225",7.79878544,Y,BCRP,Neighborhood Park,Y,,Carroll,10,Southern,46,Yes,339716.4529,2375.777059,18.60171181,85.51427241,3.761516043,0.293354912,P76
77,Gateway Park,,101 Key Hwy,"101 KEY HWY, BALTIMORE, MD, 21230",0.617336133,Y,BCRP,Green Space,Y,,Carroll,11,Central,46,Unknown,26891.26953,827.9114562,23.18060976,78.14407471,1.744815951,0.010771465,P77
78,Greenspring Avenue Park,,2336 Druid Park Dr,"2336 DRUID PARK DR, BALTIMORE, MD, 21215",8.154557667,Y,BCRP,Forest,Y,,Druid Hill,6,Northern,40,Unknown,355213.9526,3281.426479,98.13685714,99.86068716,91.25082047,7.441160306,P78
79,Ridgley's Cove,Gwynns Falls Trail South,2100 Haines St,"2100 HAINES ST, BALTIMORE, MD, 21230",10.23128977,Y,BCRP,Green Space,Y,,Carroll,10,Southern,46,Unknown,445676.7645,6697.863118,55.21005803,92.2141543,53.75294234,5.499663288,P79
80,Hadley Square Park,,5 E 39th St,"5 EAST 39TH ST, BALTIMORE, MD, 21218",0.70107259,Y,BCRP,Green Space,Y,,Clifton,14,Northern,43,Unknown,30538.84442,1154.288323,50.21103277,97.81252542,27.68667887,0.194105269,P80
81,Hanlon Park,,2731 N Longwood St,"2731 NORTH LONGWOOD ST, BALTIMORE, MD, 21216",85.24175992,Y,BCRP,Citywide Park,Y,,Gwynns Falls,7,Northwestern,40,Unknown,3713145.915,10424.41677,32.40252703,97.56485607,60.57979592,51.63969732,P81
82,Harlem & Dennison Park,,3421 Harlem Ave,"3421 HARLEM AVE, BALTIMORE, MD, 21229",0.646040439,Y,BCRP,Green Space,Y,,Gwynns Falls,8,Southwestern,41,Unknown,28141.63409,735.6569221,13.68324183,81.50831853,17.90138031,0.115651081,P82
83,Harlem Inner Block Park A 84,Harlem Inner Block Parks,1808 1/2 W Lanvale St,"1808 1/2 WEST LANVALE ST, BALTIMORE, MD, 21217",0.220000262,Y,BCRP,Green Space,Y,,Gwynns Falls,9,Western,40,Unknown,9583.249695,699.0867457,61.50021121,76.35749787,3.019707406,0.006643417,P83
84,Harlem Inner Block Park D 87,Harlem Inner Block Parks,1511 W Lafayette Ave,"1511 WEST LAFAYETTE AVE, BALTIMORE, MD, 21217",0.292646239,Y,BCRP,Mini Park,Y,,Gwynns Falls,9,Western,40,Unknown,12747.72107,437.3062801,26.36534516,90.41318743,64.7233011,0.189411822,P84
85,Harlem Inner Block Park F 90,Harlem Inner Block Parks,1215 W Lafayette Ave,"1215 WEST LAFAYETTE AVE, BALTIMORE, MD, 21217",0.248045938,Y,BCRP,Mini Park,Y,,Gwynns Falls,9,Western,40,Unknown,10804.92438,753.1908699,76.32309418,94.58542996,55.92962417,0.138732271,P85
86,Harlem Inner Block Park H 96,Harlem Inner Block Parks,1801 W Lanvale St,"1801 WEST LANVALE ST, BALTIMORE, MD, 21217",0.245918408,Y,BCRP,Green Space,Y,,Gwynns Falls,9,Western,40,Unknown,10712.24847,825.9995177,56.80048317,66.84162159,0.103468673,0.000254451,P86
87,Harlem Inner Block Park K 101,Harlem Inner Block Parks,1300 Harlem Ave,"1300 HARLEM AVE, BALTIMORE, MD, 21217",0.254307789,Y,BCRP,Green Space,Y,,Gwynns Falls,9,Western,40,Unknown,11077.69165,609.1988645,93.54716137,97.0522986,61.99079462,0.15764868,P87
88,Harlem Inner Block Park L 102,Harlem Inner Block Parks,1201 W Lanvale St,"1201 WEST LANVALE ST, BALTIMORE, MD, 21217",0.347053675,Y,BCRP,Mini Park,Y,,Gwynns Falls,9,Western,40,Unknown,15117.71863,911.7075733,90.58644482,95.57380289,56.12418891,0.194782618,P88
89,Harlem Inner Block Park N 104,Harlem Inner Block Parks,711 N Arlington Ave,"711 NORTH ARLINGTON AVE, BALTIMORE, MD, 21217",0.817655185,Y,BCRP,Green Space,Y,,Gwynns Falls,9,Western,40,Unknown,35617.20264,1180.260709,57.32598989,80.99292247,24.16825596,0.197614579,P89
90,Harlem Inner Block Park P 110,Harlem Inner Block Parks,610 N Vincent St,"610 NORTH VINCENT ST, BALTIMORE, MD, 21217",0.208180499,Y,BCRP,Green Space,Y,,Gwynns Falls,9,Western,40,Unknown,9068.378845,540.8889898,22.14638789,85.31711126,,,P90
91,Harlem Inner Block Park R 113,Harlem Inner Block Parks,1211 Harlem Ave,"1211 HARLEM AVE, BALTIMORE, MD, 21217",0.564556537,Y,BCRP,Green Space,Y,,Gwynns Falls,9,Western,40,Unknown,24592.18097,1121.232392,75.11939774,97.31278689,34.66154112,0.195685562,P91
92,Harlem Inner Block Park U 120,Harlem Inner Block Parks,1820 Lauretta Ave,"1820 LAURETTA AVE, BALTIMORE, MD, 21223",0.638062447,Y,BCRP,Green Space,Y,,Gwynns Falls,9,Western,40,Unknown,27794.11121,1300.80448,47.8362788,68.34155677,19.62952079,0.125249603,P92
93,Harlem Inner Block Park V 121,Harlem Inner Block Parks,1724 W Franklin St,"1724 WEST FRANKLIN ST, BALTIMORE, MD, 21223",0.770827103,Y,BCRP,Green Space,Y,,Gwynns Falls,9,Western,40,Unknown,33577.36285,1006.168392,41.27055585,82.00309393,61.04379975,0.470545918,P93
94,Harlem Inner Block Park W 122,Harlem Inner Block Parks,513 N Mount St,"513 NORTH MOUNT ST, BALTIMORE, MD, 21223",0.641201595,Y,BCRP,Green Space,Y,,Gwynns Falls,9,Western,40,Unknown,27930.85333,1039.804069,63.7991688,92.28905174,48.15880753,0.308797512,P94
95,Harlem Inner Block Park ZB 126,Harlem Inner Block Parks,1201 Edmondson Ave,"1201 EDMONDSON AVE, BALTIMORE, MD, 21223",0.321625483,Y,BCRP,Green Space,Y,,Gwynns Falls,9,Western,40,Unknown,14010.06201,456.8639579,99.52609803,99.97959509,85.54033955,0.275121731,P95
96,Harlem Square Park,,1500 Edmondson Ave,"1500 EDMONDSON AVE, BALTIMORE, MD, 21223",3.884787084,Y,BCRP,Neighborhood Park,Y,,Gwynns Falls,9,Western,40,Unknown,169222.0023,1627.822189,59.7150378,93.51975323,74.63311788,2.899360919,P96
97,Harwood Avenue Park,Harwood Park,420 E 27th St,"420 EAST 27TH ST, BALTIMORE, MD, 21218",0.366425328,Y,BCRP,Mini Park,Y,,Clifton,14,Northern,43,Unknown,15961.55121,641.697963,53.60627527,66.9542691,0.231771558,0.000849276,P97
98,Heath Street Park,,1701 S Charles St,"1701 SOUTH CHARLES ST, BALTIMORE, MD, 21230",0.108571409,Y,BCRP,Green Space - Garden,Y,,Carroll,10,Southern,46,Unknown,4729.389465,309.947889,15.15905406,57.09127133,,,P98
99,Helen Mackall Park,,600 Braddish Ave,"600 BRADDISH AVE, BALTIMORE, MD, 21216",3.085168778,Y,BCRP,Neighborhood Park,Y,,Gwynns Falls,9,Western,40,Unknown,134390.4895,1727.199742,22.29322886,90.11360197,8.788972485,0.271156804,P99
100,Henry H. Garnet Park,,415 W Lafayette Ave,"415 WEST LAFAYETTE AVE, BALTIMORE, MD, 21217",0.493669426,Y,BCRP,Mini Park,Y,,Druid Hill,11,Western,40,Yes,21504.32642,602.3034543,18.91472059,78.41608873,7.11551052,0.035127381,P100
101,Henry Street Park,,1240 Henry St,"1240 HENRY ST, BALTIMORE, MD, 21230",0.311314799,Y,BCRP,Green Space,Y,,Carroll,11,Southern,46,Unknown,13560.92688,471.4377377,38.01275949,87.61676929,14.94533751,0.04652742,P101
102,Herring Run Park,,Harford Rd & Argonne Dr,"HARFORD RD & ARGONNE DR, BALTIMORE, MD, 21214",387.9086084,Y,BCRP,Citywide Park,Y,,Clifton,"2,3,13,14",Eastern/Northeastern/Southeastern,43/45,Unknown,16897366.57,58420.75545,66.64343587,98.40620555,91.98917446,356.8367812,P102
103,Hilton Park,,3100 Phelps La,"3100 PHELPS LN, BALTIMORE, MD, 21229",8.468113567,Y,BCRP,Neighborhood Park,Y,,Gwynns Falls,9,Southwestern,40,Unknown,368872.5024,2746.221406,42.03038574,90.15660648,21.1509096,1.791097374,P103
104,Hoes Heights Park,,1024 W 43rd St,"1024 WEST 43RD ST, BALTIMORE, MD, 21211",0.452277056,Y,BCRP,Mini Park,Y,,Druid Hill,14,Northern,40,Unknown,19701.2674,899.8066506,59.05357349,96.49823531,13.00070942,0.058799696,P104
105,Howard's Park,Howard & Centre Park,310 W Centre St,"310 WEST CENTRE ST, BALTIMORE, MD, 21201",0.628876096,Y,BCRP,Special Use - Facility,Y,,Carroll,11,Central,40,Unknown,27393.95233,870.5193927,44.17802856,75.84011497,8.070417468,0.050753332,P105
106,Howard St. Park,,N Howard St and Dolphin St,"N HOWARD ST & DRUID HILL AVE, BALTIMORE, MD, 21201",0.073995212,Y,BCRP,Green Space,Y,,Carroll,11,Central,40,Unknown,3223.244324,244.6440115,35.26420171,35.26420171,4.674981454,0.00345929,P106
107,Hudson & Potomac Street Park,Two Rivers Park,903 S Curley St,"903 SOUTH CURLEY ST, BALTIMORE, MD, 21224",0.080972495,Y,BCRP,Green Space,Y,,Patterson,1,Southeastern,46,Unknown,3527.175964,386.0610698,21.83527852,48.09291947,,,P107
108,Hull Street Park,,900 Hull St,"900 HULL ST, BALTIMORE, MD, 21230",0.069882693,Y,BCRP,Green Space,Y,,Carroll,11,Southern,46,Unknown,3044.102173,222.7114739,49.66708641,59.2862839,0.022745696,1.59E-05,P108
109,Hyde Park,,3214 Wylie Ave,"3214 WYLIE AVE, BALTIMORE, MD, 21215",0.874167943,Y,BCRP,Mini Park,Y,,Druid Hill,6,Northern,40,Unknown,38078.90784,802.1140587,47.13066386,94.55770667,45.30118837,0.396011635,P109
110,Indiana Ave Park,,2810 Indiana Ave,"2810 INDIANA ST, BALTIMORE, MD, 21230",1.059698232,Y,BCRP,Mini Park,Y,,Carroll,10,Southern,46,Unknown,46160.63959,976.3534614,20.81721417,94.56468562,20.5153246,0.217402271,P110
111,Irvin Luckman Park,,2809 Glen Ave,"2809 GLEN AVE, BALTIMORE, MD, 21215",6.099649623,Y,BCRP,Neighborhood Park,Y,,Druid Hill,5,Northwestern,41,Unknown,265701.8007,2250.440596,89.15419276,97.89257902,61.93374334,3.777771564,P111
112,Irvington Park,,342 Martingale Ave,"342 MARTINGALE AVE, BALTIMORE, MD, 21229",12.51775906,Y,BCRP,Neighborhood Park,Y,,Gwynns Falls,8,Southwestern,41,Unknown,545275.7661,4721.624095,51.81599627,98.73820659,34.74767802,4.34966541,P112
113,Jack Paulsen Park,Lucille Park,4700 Reisterstown Rd,"4700 REISTERSTOWN RD, BALTIMORE, MD, 21215",6.72674218,Y,BCRP,Neighborhood Park,Y,,Druid Hill,6,Northern/Northwestern,40,Unknown,293018.0617,3540.088867,19.70702973,79.48982221,9.424124705,0.633941643,P113
114,Janney Street Park,,140 N Janney St,"140 NORTH JANNEY ST, BALTIMORE, MD, 21224",1.706870511,Y,BCRP/Pompeian INC,Mini Park,Partially,,Patterson,1,Southeastern,46,Unknown,74351.57672,1293.8826,43.8475229,81.75968026,57.8362314,0.987197476,P114
115,Johnston Square Park,,800 E Biddle St,"800 EAST BIDDLE ST, BALTIMORE, MD, 21202",3.018040742,Y,BCRP,Neighborhood Park,Y,,Patterson,12,Central,45,Unknown,131466.3805,1443.747656,6.335112375,80.26522817,4.753350296,0.143459196,P115
116,Joseph E. Lee Park,,6200 E Pratt St,"6200 EAST PRATT ST, BALTIMORE, MD, 21224",24.31822145,Y,BCRP,Neighborhood Park,Y,,Patterson,2,Southeastern,46,Unknown,1059305.964,5150.225547,10.28831066,95.8078822,0.374193982,0.090998049,P116
117,Kevin & Woodridge Park,,4210 Woodridge Rd,"4210 WOODRIDGE RD, BALTIMORE, MD, 21229",0.582595569,Y,BCRP,Mini Park,Y,,Gwynns Falls,8,Southwestern,41,Unknown,25377.96454,640.6982763,15.85167734,80.73709962,17.2258874,0.10035806,P117
118,Keyes Park,,3401 Taylor Ave,"3401 TAYLOR AVE, BALTIMORE, MD, 21234",13.56946947,Y,BCRP,Neighborhood Park,Y,,Clifton,2,Northeastern,45,Unknown,591088.4547,4263.063387,50.84195371,95.39647929,27.39671513,3.717618636,P118
119,Keyworth Ave Park,,2610 Keyworth Ave (Rear),"2610 KEYWORTH AVE, BALTIMORE, MD, 21215 (REAR)",0.198876165,Y,BCRP,Mini Park,Y,,Druid Hill,6,Northern,40,Unknown,8663.080444,381.0364629,24.66879757,45.39712525,4.974829314,0.009893829,P119
120,Kimberleligh Road Park,,4714 Kimberleigh Rd,"4716 KIMBERLEIGH RD, BALTIMORE, MD, 21212",0.275160883,Y,BCRP,Mini Park,Y,,Clifton,4,Northeastern,43,Unknown,11986.05603,450.7954048,9.923629864,22.94184999,,,P120
121,King & Kennedy Park,Barclay Park/Calvert St Park,2209 Hunter St,"2209 HUNTER ST, BALTIMORE, MD, 21218",0.266262967,Y,BCRP,Neighborhood Park,Y,,Clifton,12,Eastern,43,Unknown,11598.4613,650.0660226,53.60156258,63.43188313,13.5449558,0.03606549,P121
122,Lafayette & Aiken Park,,1800 Aiken St,"1800 AIKEN ST, BALTIMORE, MD, 21213",0.159172475,Y,BCRP,Mini Park,Y,,Patterson,12,Eastern,45,Unknown,6933.58075,344.2726154,20.30997948,29.83309251,0.465709587,0.000741287,P122
123,Lafayette & Payson Park,,2001 W Lafayette Ave,"2001 WEST LAFAYETTE AVE, BALTIMORE, MD, 21217",0.399349885,Y,BCRP,Mini Park,Y,,Gwynns Falls,9,Western,40,Unknown,17395.75061,548.0991064,11.80994083,33.00655128,1.677079845,0.00669747,P123
124,Lafayette Square Park,,816 N Arlington Ave,"816 NORTH ARLINGTON AVE, BALTIMORE, MD, 21217",3.341774265,Y,BCRP,Neighborhood Park,Y,,Gwynns Falls,9,Western,40,Unknown,145568.2693,1513.171917,65.29388227,93.07844648,61.13187823,2.042905718,P124
125,Lakeland Park,Wegworth Park,2761 Wegworth La,"2761 WEGWORTH LN, BALTIMORE, MD, 21230",12.54991635,Y,BCRP,Neighborhood Park,Y,,Carroll,10,Southern,46,Yes,546676.5432,3139.633327,40.28397263,94.7939756,35.13688937,4.409685502,P125
126,Latrobe Park,,1529 Fort Ave,"1529 EAST FORT AVE, BALTIMORE, MD, 21230",18.05551864,Y,BCRP,Neighborhood Park,Y,,Carroll,11,Southern,46,Unknown,786501.538,4185.896906,23.29663682,86.23985734,2.288291952,0.413166285,P126
127,Lehigh & Gough Park,Gloria Hertzfelt Playground,4500 Gough St,"4500 GOUGH ST, BALTIMORE, MD, 21224",0.08631926,Y,BCRP,Mini Park,Y,,Patterson,1,Southeastern,46,Unknown,3760.08197,265.9863583,23.75596309,33.06916261,26.97086204,0.023281235,P127
128,Little Lithuania Park,,836 Hollins St,"836 HOLLINS ST, BALTIMORE, MD, 21201",0.788224563,Y,BCRP,Mini Park,Y,,Gwynns Falls,9,Southwestern,40,Unknown,34335.19922,752.2654565,49.89830058,89.24006016,16.77248195,0.13220588,P128
129,Lower Gwynns Falls Park,,525 Hurley Ave,"525 HURLEY AVE, BALTIMORE, MD, 21223",16.08991256,Y,BCRP,Neighborhood Park,Y,,Gwynns Falls,"9,10",Southwestern,40,Unknown,700879.3945,4182.147933,47.12914087,95.30384611,32.100515,5.164986116,P129
130,Luzerne Ave Park,,2601 E Biddle St (rear),"2601 EAST BIDDLE ST, BALTIMORE, MD, 21213 (REAR)",0.625463131,Y,BCRP,Mini Park,Y,,Patterson,13,Southeastern,45,Unknown,27245.28296,660.4913985,12.49987333,50.48637791,0.220216837,0.001377386,P130
131,Madison & Whitelock Park,,2325 Madison Ave,"2325 MADISON AVE, BALTIMORE, MD, 21217",0.367247148,Y,BCRP,Mini Park,Y,,Druid Hill,7,Western,40,Unknown,15997.34973,521.2536526,23.32627701,28.44312323,0.850067136,0.003121872,P131
132,Madison Square Park,"Nathan C. Irby, Jr. Park ",1050 N Caroline St,"1050 NORTH CAROLINE ST, BALTIMORE, MD, 21205",4.625585299,Y,BCRP,Neighborhood Park,Y,,Patterson,12,Central,45,Unknown,201491.3016,1806.90607,25.00891688,91.01461437,45.66646156,2.112358031,P132
133,Maisel Street Park,,1900 Maisel St,"1900 MAISEL ST, BALTIMORE, MD, 21230",6.854930082,Y,BCRP,Forest,Y,,Carroll,10,Southern,40,Unknown,298601.9491,3184.782409,79.45705851,91.152241,77.82359632,5.334795793,P133
134,Maple Leaf Park,,709 W North Ave,"709 WEST NORTH AVE, BALTIMORE, MD, 21217",1.294900667,Y,BCRP,Mini Park,Y,,Druid Hill,7,Western,40,Unknown,56406.09863,1267.83809,62.92284613,86.06562544,74.24330768,0.961384778,P134
135,McMechen & Etting Park,,520 McMechen St,"520 MCMECHEN ST, BALTIMORE, MD, 21217",0.881402889,Y,BCRP,Mini Park,Y,,Druid Hill,7,Western,40,Unknown,38394.0636,1532.687634,71.98689988,87.33958707,19.2489132,0.169661834,P135
136,Miles Ave Park,,2657 Miles Ave,"2657 MILES AVE, BALTIMORE, MD, 21211",0.065746834,Y,BCRP,Green Space,Y,,Druid Hill,12,Northern,43,Unknown,2863.943542,215.2607061,39.98338539,92.09624295,2.848168288,0.001872595,P136
137,Montebello Park,,2920 Harford Rd,"2920 HARFORD RD, BALTIMORE, MD, 21218",0.942298959,Y,BCRP,Mini Park,Y,,Clifton,14,Eastern,45,Unknown,41046.70679,813.4371611,44.10854561,87.8017713,2.313990124,0.021804879,P137
138,Montpelier & 30th Street Park,,801 Montpelier St (Rear),"801 MONTPELIER ST, BALTIMORE, MD, 21218 (REAR)",1.458361049,Y,BCRP,Green Space,Y,,Clifton,14,Northern,43,Unknown,63526.46161,1151.149413,35.6052106,97.99244962,9.874409058,0.144005688,P138
139,Moore's Run Park,,4901 Denview Way,"4901 DENVIEW WAY, BALTIMORE, MD, 21206",68.86005155,Y,BCRP,Forest,Y,,Clifton,2,Northeastern,45,Unknown,2999555.844,20369.4308,74.24009707,97.37246982,82.24605888,56.63513162,P139
140,Morrell Park,,2415 Tolley St,"2415 TOLLEY ST, BALTIMORE, MD, 21230",14.52653072,Y,BCRP,Neighborhood Park,Y,,Carroll,10,Southern,40,Unknown,632778.2093,4862.491733,51.07153336,86.6947346,24.07003724,3.496569326,P140
141,"Mosher, Franklintown & Rosedale",,N Franklintown Rd & Mosher St,"NORTH FRANKLINTOWN RD & MOSHER ST, BALTIMORE, MD, 21216",1.034614238,Y,BCRP,Green Space,Y,,Gwynns Falls,9,Western,40,Unknown,45067.97675,1587.382609,27.77387863,88.77135345,83.74971906,0.86649345,P141
142,Mount Olivet & Phelps Lane,,2905 W Baltimore St,"2905 WEST BALTIMORE ST, BALTIMORE, MD, 21223",6.072218353,Y,BCRP,Neighborhood Park,Y,,Gwynns Falls,9,Southwestern,40,Unknown,264506.8895,3918.977805,27.86365309,93.10037595,23.29976958,1.414824203,P142
143,Lady Baltimore Park,Mount Royal Terrace Park,Mount Royal Ter & Lennox St,"MOUNT ROYAL TER & LENNOX ST, BALTIMORE, MD, 21217",1.916871601,Y,BCRP,Green Space,Y,,Druid Hill,7,Western,40,Unknown,83499.26056,2288.29346,78.26129721,96.86799167,58.0871136,1.113464292,P143
144,Mount Vernon Square Park,Mount Vernon Place,1 W Mt Vernon Pl,"1 WEST MOUNT VERNON PL, BALTIMORE, MD, 21201",2.324502853,Y,BCRP,Civic Space,Y,,Carroll,11,Central,46,Unknown,101255.7491,2975.038414,47.56277275,74.82290246,44.91369808,1.044028545,P144
145,Mullan Park,,4000 Old York Rd,"4000 OLD YORK RD, BALTIMORE, MD, 21218",1.066142371,Y,BCRP,Neighborhood Park,Y,,Clifton,4,Northern,43,Unknown,46441.34735,1284.021435,32.97914068,92.11128478,47.77769341,0.509382308,P145
146,Mund Park,,2323 Greenmount Ave,"2323 GREENMOUNT AVE, BALTIMORE, MD, 21218",1.919159426,Y,BCRP,Neighborhood Park,Y,,Clifton,12,Eastern,43,Unknown,83598.91895,1260.541814,6.852517735,65.23585397,6.59725528,0.126612859,P146
147,Newington Avenue Park,,699 Newington Ave,"699 NEWINGTON AVE, BALTIMORE, MD, 21217",0.110790673,Y,BCRP,Mini Park,Y,,Druid Hill,7,Western,40,Unknown,4826.060974,322.0236267,90.26637069,98.99412711,,,P147
148,North & Woodbrook Park,,1400 W North Ave,"1400 WEST NORTH AVE, BALTIMORE, MD, 21217",0.157135677,Y,BCRP,Green Space,Y,,Druid Hill,7,Western,40,Unknown,6844.857422,476.0872565,86.9020566,87.50490646,5.589137182,0.008782599,P148
149,North Harford Park,,6800 Hamlet Ave,"6800 HAMLET AVE, BALTIMORE, MD, 21234",9.087736627,Y,BCRP,Neighborhood Park,Y,,Clifton,3,Northeastern,45,Unknown,395863.3909,2607.559345,3.703344613,85.35764792,0.221666583,0.020144636,P149
150,Northwest Park,,2101 W Rogers Ave,"2101 WEST ROGERS AVE, BALTIMORE, MD, 21209",47.57636799,N,State of Maryland,Alternate Provider - Neighborhood Park,N,,Druid Hill,5,Northwestern,41,Yes,2072426.589,7511.749878,65.43908975,97.02821786,48.97058265,23.2985178,P150
151,O'Donnell Square Park,,1021 S Linwood Ave,"1021 SOUTH LINWOOD AVE, BALTIMORE, MD, 21224",0.662680722,Y,BCRP,Mini Park,Y,,Patterson,1,Southeastern,46,Unknown,28866.48785,872.9810301,29.10124961,76.69338512,25.17769701,0.166849079,P151
152,Oliver Park,,1301 E Lanvale St,"1301 EAST LANVALE ST, BALTIMORE, MD, 21213",1.38337579,Y,BCRP,Neighborhood Park,Y,,Patterson,12,Eastern,45,Unknown,60260.09045,1052.423271,8.835933177,50.0595467,1.849345983,0.025583609,P152
153,Orangeville Park,,1000 N Janney St,"1000 NORTH JANNEY ST, BALTIMORE, MD, 21205",0.308833297,Y,BCRP,Mini Park,Y,,Patterson,13,Eastern,45,Unknown,13452.83221,458.5349801,83.68948063,91.35808476,28.31576189,0.087449201,P153
154,Pall Mall & Shirley,,3902 Pall Mall Rd,"3902 PALL MALL RD, BALTIMORE, MD, 21215",0.520672513,Y,BCRP,Mini Park,Y,,Druid Hill,6,Northern,40,Unknown,22680.58533,658.2027121,49.42187833,82.67890649,34.64514491,0.18038919,P154
155,Pauline Faunteroy,,1335 N Stricker St,"1335 NORTH STRICKER ST, BALTIMORE, MD, 21217",3.065639219,Y,BCRP,Neighborhood Park,Y,,Gwynns Falls,7,Western,40,Unknown,133539.7785,1645.836907,38.73960255,96.08318353,15.17957701,0.465354789,P155
156,Pearlstone Park,,1001 N Howard St,"1001 NORTH HOWARD ST, BALTIMORE, MD, 21201",2.167431343,Y,BCRP,Mini Park,Y,,Carroll,11,Central,40,Unknown,94413.68719,1665.978135,46.6471393,85.98106951,63.18457309,1.369493197,P156
157,Penhurst Park,,4004 Penhurst Ave,"4004 PENHURST AVE, BALTIMORE, MD, 21215",1.389334214,Y,BCRP,Neighborhood Park,Y,,Gwynns Falls,6,Northwestern,41,Unknown,60519.64063,1007.447166,70.34872128,96.89343934,62.47909768,0.868050425,P157
158,Penn & Melvin Street Park,Melvin St Tot Lot,655 Melvin Dr,"655 MELVIN DR, BALTIMORE, MD, 21230",0.353373928,Y,BCRP,Mini Park,Y,,Carroll,10,Southern,46,Unknown,15393.02997,529.8258937,26.49037428,39.32196677,15.80439132,0.055849045,P158
159,Pennsylvania Triangle Park,,2000 Pennsylvania Ave,"2000 PENNSYLVANIA AVE, BALTIMORE, MD, 21217",0.58986263,Y,BCRP,Civic Space,Y,,Gwynns Falls,7,Western,40,Unknown,25694.51868,813.2080553,40.34527628,55.04492002,17.85968457,0.105348448,P159
160,Pentwood Park,,1500 Pentwood Rd,"1500 PENTWOOD RD, BALTIMORE, MD, 21239",2.07651409,Y,BCRP,Green Space,Y,,Clifton,3,Northeastern,43,Unknown,90453.31537,2629.833954,69.68763697,96.32421705,28.72587937,0.596501705,P160
161,Perring Parkway / Pioneer Drive,,6301 Perring Pkwy,"6301 PERRING PKWY, BALTIMORE, MD, 21214",7.799894662,Y,BCRP,Forest,Y,,Clifton,3,Northeastern,45,Unknown,339764.7706,3998.348708,60.04805345,95.66942246,91.46784946,7.134452983,P161
162,Pleasant Place Park,,3901 Pleasant Pl,"3901 PLEASANT PL, BALTIMORE, MD, 21211",0.402199968,Y,BCRP,Green Space,Y,,Druid Hill,14,Northern,40,Unknown,17519.9007,667.4629951,40.09988381,88.73714239,3.861168547,0.015529743,P162
163,Poplar Terrace Park,,3001 Poplar Ter,"3001 POPLAR TER, BALTIMORE, MD, 21216",0.088435963,Y,BCRP,Mini Park,Y,,Gwynns Falls,7,Northwestern,40,Unknown,3852.28595,260.4452808,43.80765929,93.02888526,,,P163
164,Powder Mill Park,,5700 Liberty Heights & Perring Pkwy,"5700 LIBERTY HEIGHTS AVE, BALTIMORE, MD, 21207",77.41100384,Y,BCRP,Forest,Y,,Gwynns Falls,"5,8",Northwestern,41,Unknown,3372036.815,17401.04749,96.56744419,98.49099135,94.5270213,73.17490149,P164
165,Queensbury Park,,3009 Spaulding Ave (Rear),"3009 SPAULDING AVE, BALTIMORE, MD, 21215",1.172684681,Y,BCRP,Mini Park,Y,,Druid Hill,6,Northern,41,Unknown,51082.349,986.3711982,7.959999363,77.9095815,1.523456881,0.017865488,P165
166,Quinton Street Park,,400 Quinton St,"400 QUINTON ST, BALTIMORE, MD, 21224",3.159069632,Y,BCRP,Neighborhood Park,Y,,Patterson,2,Southeastern,46,Unknown,137609.6236,2414.822191,48.84313039,84.17628915,79.77883525,2.520289119,P166
167,Radecke Park,,5602 Radecke Ave,"5602 RADECKE AVE, BALTIMORE, MD, 21206",15.96660367,Y,BCRP,Neighborhood Park,Y,,Clifton,2,Northeastern,45,Unknown,695508.038,5796.309161,25.14930364,93.43848063,28.47986571,4.547303661,P167
168,Reedbird Park,,201 Reedbird Ave,"201 REEDBIRD AVE, BALTIMORE, MD, 21225",40.71060328,Y,BCRP,Citywide Park,Y,,Carroll,10,Southern,46,Unknown,1773360.972,9920.216762,33.61959,91.72022894,24.78773082,10.09131549,P168
169,Reservoir Hill Park,,751 Reservoir St,"751 RESERVOIR ST, BALTIMORE, MD, 21217",0.384353884,Y,BCRP,Mini Park,Y,,Druid Hill,7,Western,40,Unknown,16742.52209,778.3291219,8.290986814,77.09140774,1.852614672,0.007120653,P169
170,Reverend Quille Park,,502 Presstman St,"502 PRESSTMAN ST, BALTIMORE, MD, 21217",0.302518639,N,National Railroad Passenger Corporation,Alternate Provider - Mini Park,N,,Druid Hill,7,Western,40,Unknown,13177.71198,652.0744222,63.03736365,84.27229383,31.7490886,0.096047295,P170
171,Riverside Park,,301 E Randall St,"301 EAST RANDALL ST, BALTIMORE, MD, 21230",20.16018942,Y,BCRP,Citywide Park,Y,,Carroll,11,Southern,46,Unknown,878181.3641,3991.531809,30.63473535,82.85594061,2.658942547,0.536052142,P171
172,Robert & Mcculloh Park,,424 Robert St,"424 ROBERT ST, BALTIMORE, MD, 21217",0.172948932,Y,BCRP,Green Space,Y,,Druid Hill,7,Western,40,Unknown,7533.685425,369.2756184,21.93043647,72.17018133,6.414544944,0.011093976,P172
173,Robert C. Marshall Park,,1201 Pennsylvania Ave,"1201 PENNSYLVANIA AVE, BALTIMORE, MD, 21217",5.808563414,Y,BCRP,Neighborhood Park,Y,,Druid Hill,11,Western,40,Unknown,253022.0344,2443.626911,16.79313849,59.14393722,2.243765933,0.13033161,P173
174,Rokeby Road Park,,4265 Rokeby Rd (Rear),"4265 ROKEBY RD, BALTIMORE, MD, 21229 (REAR)",0.366907348,Y,BCRP,Green Space,Y,,Gwynns Falls,8,Southwestern,41,Unknown,15982.54803,612.5930149,0.697698448,87.07135243,0.070921879,0.00026022,P174
175,Roosevelt Park,,1201 W 36th St,"1201 WEST 36TH ST, BALTIMORE, MD, 21211",16.99456085,Y,BCRP,Citywide Park,Y,,Druid Hill,7,Northern,40,Unknown,740286.0311,3478.95036,23.3900481,86.23612729,17.2088518,2.924592186,P175
176,Rosemont Park,,840 N Franklintown Rd,"840 NORTH FRANKLINTOWN RD, BALTIMORE, MD, 21216",0.5809461,Y,BCRP,Mini Park,Y,,Gwynns Falls,9,Western,40,Unknown,25306.11322,640.6907432,71.62681471,92.23056306,10.96755857,0.063716114,P176
177,Rozena Ridgley Park,,1511 Mucculloh St,"1511 MCCULLOH ST, BALTIMORE, MD, 21217",0.192502962,Y,BCRP,Green Space,Y,,Druid Hill,11,Western,40,Unknown,8385.462646,377.2893326,26.68936761,93.7881107,4.471205742,0.008607272,P177
178,Rutter's Mill Park,,1402 Rutter St,"1402 RUTTER ST, BALTIMORE, MD, 21217",0.212191204,Y,BCRP,Mini Park,Y,,Druid Hill,7,Western,40,Unknown,9243.085754,429.3915469,99.99992599,99.99992599,,,P178
179,Saint Casmir's Park,,2719 O'Donnell St,"2719 O'DONNELL ST, BALTIMORE, MD, 21224",1.624256435,Y,BCRP,Mini Park,Y,,Patterson,1,Southeastern,46,Unknown,70752.89331,1101.711376,19.32809256,80.70782108,16.73628773,0.271842405,P179
180,Saint Charles Park,,4754 Melbourne Rd (Rear),"4754 MELBOURNE RD, BALTIMORE, MD, 21229 (REAR)",1.077059733,Y,BCRP,Mini Park,Y,,Gwynns Falls,8,Southwestern,41,Unknown,46916.90979,877.8810827,9.705829969,82.56841756,8.332027736,0.089741634,P180
181,Saint Helena Park,,6521 Parnell Ave,"6521 PARNELL AVE, BALTIMORE, MD, 21222",0.836574659,Y,BCRP,Mini Park,Y,,Patterson,1,Southeastern,46,Unknown,36441.33807,845.0338971,16.937134,72.23992653,14.72964786,0.123225487,P181
182,Saint Joseph's Park,,230 Mccurley St,"230 MCCURLEY ST, BALTIMORE, MD, 21229",6.454418592,Y,BCRP,Neighborhood Park,Y,,Gwynns Falls,8,Southwestern,41,Unknown,281155.598,2616.632522,86.44535917,98.48051788,65.93706536,4.255888253,P182
183,Saint Katherine's Park,,2001 Druid Hill Ave,"2001 DRUID HILL AVE, BALTIMORE, MD, 21217",0.17764095,N,National Railroad Passenger Corporation,Alternate Provider - Green Space,N,,Druid Hill,7,Western,40,Unknown,7738.039795,358.2717244,49.67295938,86.92997204,5.642820904,0.010024001,P183
184,Saint Leo's Bocce Park,,902 Stiles St,"902 STILES ST, BALTIMORE, MD, 21202",0.132090175,Y,BCRP,Mini Park,Y,,Patterson,12,Central,46,Unknown,5753.871216,324.9318982,34.97844352,52.50155445,1.298141601,0.001714731,P184
185,Saint Mary's Park,,606 N Paca St,"606 NORTH PACA ST, BALTIMORE, MD, 21201",5.05542528,Y,BCRP,Neighborhood Park,Y,,Carroll,11,Central,40,Yes,220215.2061,2952.077369,48.95434538,92.92571428,5.007406122,0.2531477,P185
186,Schroeder & Lombard Park,,100 S Schroeder St,"100 SOUTH SCHROEDER ST, BALTIMORE, MD, 21223",0.160824399,Y,BCRP,Green Space,Y,,Gwynns Falls,9,Southwestern,40,Unknown,7005.539063,330.6311185,37.38958814,69.75579355,15.14295817,0.024353766,P186
187,Shipley Hill 1,,2500 Booth St,"2500 BOOTH ST, BALTIMORE, MD, 21223",0.726607609,Y,BCRP,Mini Park,Y,,Gwynns Falls,9,Southwestern,40,Unknown,31651.15417,1473.867116,36.18140687,52.65392378,0.146963503,0.001067857,P187
188,Shipley Hill 2,,2502 Boyd St,"2502 BOYD ST, BALTIMORE, MD, 21223",0.997481833,Y,BCRP,Mini Park,Y,,Gwynns Falls,9,Southwestern,40,Unknown,43450.48236,1171.823759,39.89907642,85.61686678,18.75895061,0.187118621,P188
189,Shirley Avenue Park,,4001 Reisterstown Rd,"4001 REISTERSTOWN RD, BALTIMORE, MD, 21215",0.638603708,Y,BCRP,Mini Park,Y,,Druid Hill,6,Northern,40,Unknown,27817.68884,996.7789724,66.62412839,84.62200301,15.22783805,0.097246316,P189
190,Shot Tower,,701 E Fayette St,"701 EAST FAYETTE ST, BALTIMORE, MD, 21202",1.289558759,N,Department of General Services,Alternate Provider - Civic Space,Y,,Patterson,12,Central,46,Unknown,56173.1795,1014.278935,46.37691466,75.51749819,3.871219489,0.04992185,P190
191,Silverbell Park,,5501 Silverbell Ave (Rear),"5501 SILVERBELL RD, BALTIMORE, MD, 21206 (REAR)",0.581529255,Y,BCRP,Mini Park,Y,,Clifton,2,Northeastern,45,Unknown,25331.51569,682.8154196,0.483204547,88.09031009,87.91048588,0.511229283,P191
192,Solo Gibbs Park,,1044 Leadenhall St,"1044 LEADENHALL ST, BALTIMORE, MD, 21230",4.973812987,Y,BCRP,Neighborhood Park,Y,,Carroll,11,Southern,46,Unknown,216660.1605,3040.551225,40.452998,78.84634806,11.50264356,0.572124556,P192
193,Stricker & Ramsey Park,Traci Atkins Park,401 S Stricker St,"401 SOUTH STRICKER ST, BALTIMORE, MD, 21223",1.709342651,Y,BCRP,Neighborhood Park,Y,,Carroll,9,Southwestern,40,Unknown,74459.26367,1223.961575,28.05126924,83.85583471,15.45798809,0.264232097,P193
194,Swann Park,,201 W Mccomas St,"201 WEST MCCOMAS ST, BALTIMORE, MD, 21230",11.22420004,Y,BCRP,Neighborhood Park,Y,,Carroll,10,Southern,46,Unknown,488928.1093,3138.11602,4.415382369,85.95852476,0.312177272,0.035039682,P194
195,Thames Street Park,,1832 Thames St,"1832 THAMES ST, BALTIMORE, MD, 21231",0.664115392,Y,BCRP,Mini Park,Y,,Patterson,1,Central,46,Unknown,28928.98199,703.2536073,58.03612977,83.42824194,7.009553879,0.046551899,P195
196,Towanda Park,,4126 Towanda Ave,"4126 TOWANDA AVE, BALTIMORE, MD, 21215",9.231856509,Y,BCRP,Neighborhood Park,Y,,Druid Hill,6,Northern,40,Unknown,402141.2782,4339.719234,34.12595464,90.26429798,16.98027175,1.567606864,P196
197,Union Square Park,,31 S Gilmor St,"31 SOUTH GILMOR ST, BALTIMORE, MD, 21223",2.682759661,Y,BCRP,Neighborhood Park,Y,,Gwynns Falls,9,Southwestern,40,Yes,116861.4783,1354.517224,77.84105085,96.00852716,86.98434739,2.333599652,P197
198,Uplands Park,,4701 Edmondson Ave,"4701 EDMONDSON AVE, BALTIMORE, MD, 21229",35.51098955,Y,BCRP,Green Space,Y,,Gwynns Falls,8,Southwestern,41,Unknown,1546864.892,17123.2337,93.24526031,98.69383758,84.17968084,29.89327681,P198
199,Vincent Street Park,,122 N Vincent St,"122 NORTH VINCENT ST, BALTIMORE, MD, 21223",0.987285067,Y,BCRP,Mini Park,Y,,Gwynns Falls,9,Southwestern,40,Unknown,43006.30957,1229.954485,17.33223153,51.96325101,11.69180092,0.115432328,P199
200,Violetville Park,,1095 Joh Ave,"1095 JOH AVE, BALTIMORE, MD, 21229",10.91638109,Y,BCRP,Neighborhood Park,Y,,Carroll,9,Southern,41,Unknown,475519.4619,3734.80031,34.17499116,91.61390524,0.830969099,0.090712479,P200
201,War Memorial Plaza,,101 Holliday St,"101 HOLLIDAY ST, BALTIMORE, MD, 21202",1.323307345,Y,BCRP,Civic Space,Y,,Carroll,11,Central,46,Unknown,57643.49841,962.291458,23.03640127,44.16131635,13.97790755,0.184972157,P201
202,Warwick Avenue Park,,2 N Warwick Ave,"2 NORTH WARWICK AVE, BALTIMORE, MD, 21223",1.047564288,Y,BCRP,Neighborhood Park,Y,,Gwynns Falls,9,Southwestern,40,Unknown,45632.08276,1119.824379,16.81315117,67.69108284,3.011084183,0.031543295,P202
203,Washington Monument,,699 Washington Pl,"699 WASHINGTON PL, BALTIMORE, MD, 21201",0.263680846,Y,BCRP,Civic Space,Y,,Carroll,11,Central,46,Unknown,11485.98389,380.6928025,,,,,P203
204,Western Run Park,,5800 - 6700 Cross Country Blvd,"5800 - 6700 CROSS COUNTRY BLVD, BALTIMORE, MD, 21215",50.65109689,Y,BCRP,Citywide Park,Y,,Druid Hill,5,Northwestern,41,Unknown,2206370.605,33323.0535,94.91380279,99.14340836,87.27797901,44.20760737,P204
205,Wilbur H. Waters Park,,1600 N Dukeland St,"1600 NORTH DUKELAND ST, BALTIMORE, MD, 21216",2.554838173,Y,BCRP,Neighborhood Park,Y,,Gwynns Falls,7,Northwestern,40,Unknown,111289.1962,1535.535292,14.12045428,69.48771636,2.299528594,0.058749704,P205
206,William McAbee Park,,1600 Laurens St,"1600 LAURENS ST, BALTIMORE, MD, 21217",1.436656569,Y,BCRP,Neighborhood Park,Y,,Gwynns Falls,7,Western,40,Unknown,62581.01038,1062.010344,28.98404953,40.14713808,1.119149743,0.016078467,P206
207,William McGill Park,,2408 Allendale St,"998 ALLENDALE ST, BALTIMORE, MD, 21229",0.404185037,Y,BCRP,Mini Park,Y,,Gwynns Falls,6,Northwestern,41,Unknown,17606.37079,643.1240993,84.64253567,97.41212823,12.34812935,0.049909691,P207
208,Willow Avenue Park,,603 Willow Ave,"603 WILLOW AVE, BALTIMORE, MD, 21212",0.744855434,Y,BCRP,Mini Park,Y,,Clifton,4,Northern,43,Yes,32446.03235,891.8825008,24.77761223,63.16251856,0.33345041,0.002483743,P208
209,Wilson & Etting Park,,520 Islamic Way,"520 ISLAMIC WAY, BALTIMORE, MD, 21217",1.26641182,Y,BCRP,Neighborhood Park,Y,,Druid Hill,7,Western,40,Unknown,55165.11957,1075.300969,48.89659561,71.57886567,10.04738392,0.127242276,P209
210,Windsor Hills Park,,2905 Lawina Rd,"2905 LAWINA RD, BALTIMORE, MD, 21216",0.501648277,Y,BCRP,Mini Park,Y,,Gwynns Falls,8,Northwestern,41,Unknown,21851.88623,604.8835239,92.65044398,98.98720023,57.34769449,0.287686023,P210
211,Winner Avenue Park,Pimlico Good Neighbor Park,5400 Winner Ave,"5400 WINNER AVE, BALTIMORE, MD, 21215",0.300340106,Y,BCRP,Mini Park,Y,,Druid Hill,5,Northwestern,41,Unknown,13082.86725,452.799158,39.89828317,71.80684204,7.824150383,0.02349925,P211
212,Woodberry Park,,2200 Druid Park Dr,"2200 DRUID PARK DR, BALTIMORE, MD, 21211",5.097270426,Y,BCRP,Neighborhood Park,Y,,Druid Hill,7,Northern,40,Unknown,222037.988,3945.262559,75.9657783,94.49937107,34.02983905,1.734606798,P212
213,Woodberry Woods,,W Cold Spring Ln & Greenspring Ave,"WEST COLD SPRING LN & GREENSPRING AVE, BALTIMORE, MD, 21209",19.30658464,Y,BCRP,Forest,Y,,Druid Hill,6,Northern,41,Unknown,840998.1911,8614.949235,94.71352707,99.16797751,92.83191992,17.92281658,P213
214,Woodbourne Avenue Park,,1633 Woodbourne Ave,"1633 WOODBOURNE AVE, BALTIMORE, MD, 21239",0.826113128,Y,BCRP,Mini Park,Y,,Clifton,3,Northeastern,43,Unknown,35985.63184,924.6535948,11.23208269,75.44689233,8.462043263,0.06990661,P214
215,Yale Heights Park,,603 Bethnal Rd,"603 BETHNAL RD, BALTIMORE, MD, 21229",1.23277627,Y,BCRP,Neighborhood Park,Y,,Gwynns Falls,8,Southwestern,41,Unknown,53699.94891,1339.017309,47.32590914,77.79116395,50.92584108,0.627806706,P215
216,Hillen Triangle,,3201 Hillen Rd,"3201 HILLEN RD, BALTIMORE, MD, 21218",1.698488672,Y,BCRP,Mini Park,Y,,Clifton,14,Eastern,45,Unknown,73986.46259,1155.803849,22.02500586,92.42129725,23.93059094,0.406461628,P216
217,Wyman Park Dell,,29th St & Charles St,"WEST 29TH ST & NORTH CHARLES ST, BALTIMORE, MD, 21218",13.59251497,Y,BCRP,Neighborhood Park,Y,,Druid Hill,14,Northern,40/43,Yes,592092.3206,5613.579674,72.56684346,97.61351673,78.37971659,10.65385994,P217
218,Wyman Park,,33rd St & Keswick Rd,"WEST 33RD ST & KESWICK RD, BALTIMORE, MD, 21211",71.63063031,Y,BCRP,Citywide Park,Y,,Druid Hill,"12,14",Northern,40/43,Unknown,3120242.737,17171.39429,64.39075435,95.823013,56.23205948,40.27970088,P218
219,Middle Branch Park,,3301 Waterview Ave,"3301 WATERVIEW AVE, BALTIMORE, MD, 21230",96.28386333,Y,BCRP,Citywide Park,Y,,Carroll,10,Southern,46,Unknown,4194141.863,28543.48915,40.59780719,87.95640462,51.89642539,49.96828304,P219
220,Preston Gardens Park,,200 St Paul Pl,"200 SAINT PAUL PL, BALTIMORE, MD, 21202",2.780885082,N,Downtown Partnership (Mayor & City Council),Alternate Provider - Mini Park,Y,,Carroll,11,Central,46,Unknown,121135.3545,4418.737682,36.38163878,71.20050616,47.46915274,1.320067868,P220
221,McKim Park,,1200 E Baltimore St,"1200 EAST BALTIMORE ST, BALTIMORE, MD, 21202",1.292072255,Y,BCRP,Neighborhood Park,Y,,Patterson,12,Central,46,Unknown,56282.89246,1410.959,5.597144342,45.44802783,1.699473219,0.021958598,P221
222,Hooper & Rockrose Park,,2020 Rockrose Ave,"2020 ROCKROSE AVE, BALTIMORE, MD, 21211",8.434093757,Y,BCRP,Neighborhood Park,Y,,Druid Hill,7,Northern,40,Unknown,367390.5936,2793.361646,64.26310481,97.30970775,86.24903652,7.2743828,P222
223,Jones Falls Trail,,3900 Clipper Rd,"3900 CLIPPER RD, BALTIMORE, MD, 21211",15.91218252,Y,BCRP,Forest,Y,,Druid Hill,"6,7",Northern,40/41,Unknown,693137.4427,3920.152456,78.6308659,99.33220999,88.55141865,14.09057608,P223
224,Stoney Run Park,Linkwood,101 W Cold Spring Ln,"101 WEST COLD SPRING LN, BALTIMORE, MD, 21210",27.12219623,Y,BCRP,Citywide Park,Y,,Druid Hill,"6,14",Northern,41/43,Yes,1181447.594,16356.00463,83.70329495,99.17537268,83.31889012,22.59809366,P224
225,Harlem Inner Block Park E 89,Harlem Inner Block Parks,1308 W Lanvale St,"1308 WEST LANVALE ST, BALTIMORE, MD, 21217",0.417532047,Y,BCRP,Green Space,Y,,Gwynns Falls,9,Western,40,Unknown,18187.76898,1212.488258,91.98640416,99.68927622,15.89515561,0.066367899,P225
226,Harlem Inner Block Park C 86,Harlem Inner Block Parks,823 N Mount St,"823 NORTH MOUNT ST, BALTIMORE, MD, 21217",0.518717934,N,Department of Public Works (Sanitation),Alternate Provider - Green Space,Y,,Gwynns Falls,9,Western,40,Unknown,22595.35321,775.2962789,18.26174199,46.92899948,39.18711412,0.203271402,P226
227,Harlem Inner Block Park B 85,Harlem Inner Block Parks,1725 W Lafayette Ave,"1725 WEST LAFAYETTE AVE, BALTIMORE, MD, 21217",0.5278075,Y,BCRP,Mini Park,Y,,Gwynns Falls,9,Western,40,Unknown,22991.38654,1749.547577,24.41647007,71.23389803,51.78532165,0.273328998,P227
228,Harlem Inner Block Park I 97,Harlem Inner Block Parks,702 N Mount St,"702 NORTH MOUNT ST, BALTIMORE, MD, 21217",0.487825346,Y,BCRP,Green Space,Y,,Gwynns Falls,9,Western,40,Unknown,21249.75708,1464.845144,7.703475908,70.84552503,26.98549621,0.131643144,P228
229,Harlem Inner Block Park M 103,Harlem Inner Block Parks,1120 Harlem Ave,"1120 HARLEM AVE, BALTIMORE, MD, 21217",0.319779081,Y,BCRP,Mini Park,Y,,Gwynns Falls,9,Western,40,Unknown,13929.63257,1119.242832,99.99821718,100.0000738,1.906426222,0.006096401,P229
230,Harlem Inner Block Park S 114,Harlem Inner Block Parks,1100 Edmondson Ave,"1100 EDMONDSON AVE, BALTIMORE, MD, 21223",0.378149898,Y,BCRP,Mini Park,Y,,Gwynns Falls,9,Western,40,Unknown,16472.27533,671.2219037,59.33712073,95.92629081,66.38155403,0.251023787,P230
231,Harlem Inner Block Park Q 112,Harlem Inner Block Parks,600 Block Woodyear St,"600 NORTH WOODYEAR ST, BALTIMORE, MD, 21217",0.658181464,Y,BCRP,Green Space,Y,,Gwynns Falls,9,Western,40,Unknown,28670.49933,979.2782884,34.00451263,83.13175696,25.57956542,0.168361305,P231
232,Harlem Inner Block Park X 123,Harlem Inner Block Parks,529 N Gilmor St,"529 NORTH GILMOR ST, BALTIMORE, MD, 21223",0.589038155,Y,BCRP,Green Space,Y,,Gwynns Falls,9,Western,40,Unknown,25658.60498,1476.441509,27.14087166,66.0862496,35.10577985,0.206788092,P232
233,Harlem Inner Block Park ZA 125,Harlem Inner Block Parks,1302 W Franklin St,"1302 WEST FRANKLIN ST, BALTIMORE, MD, 21223",0.535000018,Y,BCRP,Mini Park,Y,,Gwynns Falls,9,Western,40,Unknown,23304.69415,852.2066442,72.5691809,93.70471019,60.5373995,0.323877689,P233
234,Harlem Inner Block Park ZC 127,Harlem Inner Block Parks,1122 1/2 W Franklin St,"1122 1/2  WEST FRANKLIN ST, BALTIMORE, MD, 21229",0.556335047,Y,BCRP,Green Space,Y,,Gwynns Falls,9,Western,40,Unknown,24234.05164,1723.083585,35.29658983,87.8176464,6.470461199,0.035997731,P234
235,Patterson Park,,200 S Linwood Ave,"200 SOUTH LINWOOD AVE, BALTIMORE, MD, 21224",138.6568302,Y,BCRP,Citywide Park,Y,,Patterson,1,Southeastern,46,Yes,6039915.682,13098.54836,22.87199093,82.56605068,11.02894784,15.29251182,P235
236,John E. Howard Park,,2201 Linden Ave,"2201 LINDEN AVE, BALTIMORE, MD, 21217",1.52293017,N,Baltimore City Public Schools,Alternate Provider - Neighborhood Park,Y,,Druid Hill,7,Western,40,Unknown,66338.83826,1067.416326,29.92409639,70.22079926,2.005487264,0.030542293,P236
238,Dypski Park,Clarence 'Du' Burns Arena,1225 S Ellwood Ave,"1225 SOUTH ELLWOOD AVE, BALTIMORE, MD, 21224",2.91778055,Y,BCRP,Mini Park,Y,,Patterson,1,Southeastern,46,Unknown,127099.0292,1602.438747,16.48352003,22.85407507,0.556890898,0.016248984,P238
239,Canton Soccer Park,Canton Dog Park,3201 Toone St,"3201 TOONE ST, BALTIMORE, MD, 21224",3.501321443,Y,BCRP,Mini Park,Y,,Patterson,1,Southeastern,46,Yes,152518.1724,1535.675444,19.64981247,29.1218996,12.04251194,0.421650426,P239
240,Mount Pleasant Woods,,6100 Hillen Rd,"6100 HILLEN RD, BALTIMORE, MD, 21239",48.54346189,Y,BCRP,Forest,Y,,Clifton,4,Northeastern,43,Unknown,2114561.658,10312.24601,98.84789582,99.88004712,95.45170715,46.33593377,P240
241,Mount Pleasant Park,,Perring Pkwy & Echodale Ave,"PERRING PKWY & ECHODALE AVE, BALTIMORE, MD, 21239",42.20212844,Y,BCRP,Citywide Park,Y,,Clifton,"3,4",Northeastern,43/45,Unknown,1838332.069,11476.3256,73.82340206,99.03962248,91.36519633,38.55836597,P241
242,Mount Pleasant Golf Course,,6131 Hillen Rd,"6131 HILLEN RD, BALTIMORE, MD, 21239",160.2032533,Y,BCRP,Special Use - Facility,Y,,Clifton,"3,4",Northeastern,43/45,Unknown,6978481.629,20308.63477,39.09638713,97.40681675,21.59780861,34.60066885,P242
243,Gwynns Falls Trail,,2781 Wilkens Ave,"2781 WILKENS AVE, BALTIMORE, MD, 21223",61.84291392,Y,BCRP,Green Space,Y,,Gwynns Falls,"9,10",Western/Southern/Southwestern,40,Unknown,2693888.107,33777.6388,81.62163449,96.8511774,76.56429693,47.34997105,P243
244,Carroll Park,,1500 Washington Blvd,"1500 WASHINGTON BLVD, BALTIMORE, MD, 21230",155.1308837,Y,BCRP,Citywide Park,Y,,Carroll,"9,10",Southern,40,Yes,6757528.323,18066.67229,31.86360985,90.33115094,15.85470389,24.59573901,P244
246,Catonsville Short Line Park,,S Beechfield Ave & S College Rd,"SOUTH BEECHFIELD AVE & SOUTH COLLEGE RD, BALTIMORE, MD, 21229",9.789534601,Y,BCRP,Forest,Y,,Gwynns Falls,8,Southwestern,41,Unknown,426433.833,9747.156007,70.23995928,98.92940607,24.32225976,2.381055084,P246
247,Paca Street Park,,2640 S Paca St,"2640 SOUTH PACA ST, BALTIMORE, MD, 21230",6.069016335,Y,BCRP,Mini Park,Y,,Carroll,10,Southern,46,Unknown,264367.4089,3745.526344,36.79623434,77.65963887,26.51162235,1.609007563,P247
248,Light Street City Farm,,1640 Light St,"1640 LIGHT ST, BALTIMORE, MD, 21230",0.107653023,Y,BCRP,Green Space - Garden,Y,,Carroll,10,Southern,46,Unknown,4689.38446,282.8439306,23.5128682,75.87235846,1.416348407,0.001524754,P248
249,Margaret Brent Park,,2540 N Calvert St,"2540 N CALVERT ST, BALTIMORE, MD, 21218",0.710383148,N,CSX Transportation INC,Alternate Provider - Mini Park,N,,Clifton,12,Northern,43,Unknown,30944.28998,799.3320689,28.00830182,36.82737656,13.23654905,0.09403059,P249
250,Waverly Mini Park,,2932 Indepence St,"2932 INDEPENDENCE ST, BALTIMORE, MD, 21218",0.302500089,Y,BCRP,Mini Park,Y,,Clifton,14,Northern,43,Unknown,13176.9566,733.8409342,55.64853815,98.87088014,12.58847454,0.038080451,P250
251,McKeldin Plaza,Inner Harbor,501 E Pratt St,"501 EAST PRATT ST, BALTIMORE, MD, 21202",1.726802137,Y,Downtown Partnership (BCRP),Civic Space,Y,,Carroll,11,Central,46,Unknown,75219.80194,1262.559425,13.79796119,52.1623295,7.534800745,0.130112141,P251
252,Park Avenue Median Park,,1600 - 2200 Park Ave,"1600 - 2200 PARK AVE, BALTIMORE, MD, 21217",1.089361955,Y,BCRP,Mini Park,Y,,Druid Hill,7,Western,40,Unknown,47452.79651,1528.69786,51.58466522,79.02345031,52.00606814,0.566538853,P252
253,World Trade Plaza,Inner Harbor,501 Pier 3,"501 EAST PRATT ST, BALTIMORE, MD, 21202",0.831124332,Y,Waterfront Partnership (Department of Housing & Community Development),Citywide Park,Y,,Carroll,11,Central,46,Unknown,36203.92072,767.2945387,8.534774262,65.33235841,1.314809201,0.010927787,P253
254,Rash Field,Inner Harbor,300 Key Hwy,"300 KEY HWY, BALTIMORE, MD, 21230",7.268674083,Y,Waterfront Partnership (Department of Housing & Community Development),Citywide Park,Y,,Carroll,11,Central,46,Unknown,316624.7096,2728.578814,10.37448919,46.99210831,0.039654049,0.002882347,P254
255,Maryland Zoo,,1 Safari Pl,"1 SAFARI PL, BALTIMORE, MD 21217",125.0748304,Y,Maryland Zoo,Alternate Provider - Special Use - Facility,Y,,Druid Hill,7,Northern,40,Unknown,5448281.405,16738.59062,75.79230345,89.08366042,56.45273485,70.60872723,P255
256,Fort McHenry,,2400 E Fort Ave,"2400 EAST FORT AVE, BALTIMORE, MD, 21230",46.71956799,N,National Park Service,Alternate Provider - Citywide Park,N,,Carroll,11,Southern,46,Unknown,2035104.382,6227.851854,12.97213526,85.78072866,0.857499555,0.40062169,P256
257,West Shore Park,Inner Harbor,501 Light St,"501 LIGHT ST, BALTIMORE, MD, 21202",2.497424474,Y,Waterfront Partnership (Department of Housing & Community Development),Citywide Park,Y,,Carroll,11,Central,46,Unknown,108788.2452,1507.498848,30.49499084,50.34399754,,,P257
258,Pimlico Safety Academy,,3425 Trainor Ave,"3425 TRAINOR AVE, BALTIMORE, MD, 21215",6.516195814,Y,BCRP,Neighborhood Park,Y,,Druid Hill,5,Northwestern,41,Unknown,283846.6251,2378.578393,5.384852036,88.01793903,0.682561573,0.044477404,P258
259,Broadway East Park,,1510 N Gay St,"1510 NORTH GAY ST, BALTIMORE, MD, 21213",0.970223486,Y,BCRP,Mini Park,Y,,Patterson,13,Eastern,45,Unknown,42263.10413,992.7687036,2.375149239,95.67014919,95.58040633,0.927350969,P259
260,Classen & Park Heights Park,,4307 Reisterstown Rd,"4307 REISTERSTOWN RD, BALTIMORE, MD, 21215",1.264036811,N,Department of Housing & Community Development,Alternate Provider - Mini Park,Y,,Druid Hill,6,Northern,40,Unknown,55061.44354,1246.133477,55.23599806,84.94476447,4.500015611,0.056882081,P260
261,Briscoe Park,,1441 E 28th St,"1441 EAST 28TH ST, BALTIMORE, MD, 21218",1.014352827,Y,BCRP,Neighborhood Park,Y,,Clifton,14,Eastern,43,Unknown,44185.3858,1337.795505,45.12138717,65.74138763,5.984983694,0.060709337,P261
262,West Covington Park,,101 W Cromwell St,"101 WEST CROMWELL ST, BALTIMORE, MD, 21230",9.37336917,N,Sagamore,Alternate Provider - Mini Park,N,,Carroll,10,Southern,46,Unknown,408303.9601,4725.322689,0.357594016,87.30729235,17.18012999,1.610363449,P262
263,German Park,,2423 Linden Ave,"2423 LINDEN AVE, BALTIMORE, MD, 21217",1.068405665,Y,BCRP,Neighborhood Park,Y,,Druid Hill,7,Western,40,Yes,46539.93683,1231.922132,40.81578503,76.20891017,3.191552176,0.034098997,P263
264,Gelston Park,,Gelston Dr & N Woodington Rd,"GELSTON DR & NORTH WOODINGTON RD, BALTIMORE, MD, 21229",0.370563197,Y,BCRP,Green Space,Y,,Gwynns Falls,8,Southwestern,41,Unknown,16141.79742,556.0415625,30.56103833,99.99696864,30.78996125,0.114097177,P264
265,Pierce's Park,Inner Harbor,720 Eastern Ave,"720 EASTERN AVE, BALTIMORE, MD, 21202",0.857915834,Y,BCRP,Citywide Park,Y,,Carroll,11,Central,46,Unknown,37370.96326,931.0977414,10.99462836,79.46832346,69.49322804,0.596198176,P265
266,Pier V Waterfront Garden,Inner Harbor,719 Eastern Ave,"719 EASTERN AVE, BALTIMORE, MD, 21202",1.190923377,Y,BCRP,Citywide Park,Y,,Carroll,11,Central,46,Unknown,51876.82977,1169.014592,16.78647248,40.28679928,5.455080003,0.064966343,P266
267,Harbor Point Central Plaza,,1310 Point St,"1310 POINT ST, BALTIMORE, MD, 21231",0.821051892,N,"Waterfront Partnership (Harbor Point Garage, LLC)",Alternate Provider - Mini Park,N,,Patterson,12,Central,46,Unknown,35765.02039,884.3707143,,,,,P267
268,Veteran's Park,Fayette & I83 Park,101 N Frederick St,"101 NORTH FREDERICK ST, BALTIMORE, MD, 21202",0.535752989,Y,BCRP,Civic Space,Y,,Carroll,11,Central,46,Unknown,23337.49353,659.3258476,49.83044459,75.58777775,45.28278568,0.242605819,P268
269,Hopkins Plaza,,110 W Lombard St,"110 WEST LOMBARD ST, BALTIMORE, MD, 21201",2.019954642,N,"Downtown Partnership (UGP-Downunder Garage, LLC)",Alternate Provider - Civic Space,N,,Carroll,11,Central,46,Unknown,87989.22412,1893.773974,25.16171911,29.10925443,,,P269
270,Liberty Park Dog Walk,,N Liberty St & W Fayette St,"NORTH LIBERTY ST & WEST FAYETTE ST, BALTIMORE, MD, 21201",0.173618228,N,Downtown Partnership,Alternate Provider - Special Use - Facility,N,,Carroll,11,Central,40/46,Unknown,7562.809998,665.7522616,15.10157738,37.13581571,29.56433043,0.051329272,P270
271,Center Plaza,,110 W Fayette St,"110 WEST FAYETTE ST, BALTIMORE, MD, 21201",1.68566506,N,Downtown Partnership (Mayor & City Council),Alternate Provider - Civic Space,Y,,Carroll,11,Central,40,Unknown,73427.56989,1815.997802,16.35233368,53.70642228,2.607202604,0.043948879,P271
272,Courthouse Plaza,Cathy Hughes Plaza,E Lexington St & Saint Paul St,"EAST LEXINGTON ST & SAINT PAUL ST, BALTIMORE, MD, 21202",0.207309586,N,Downtown Partnership,Alternate Provider - Civic Space,N,,Carroll,11,Central,46,Unknown,9030.405579,493.5127144,41.31014793,48.3266945,,,P272
273,Battle Monument,,E Lexington St & N Calvert St,"EAST LEXINGTON ST & NORTH CALVERT ST, BALTIMORE, MD, 21202",0.197620723,N,Mayor & City Council,Alternate Provider - Civic Space,Y,,Carroll,11,Central,46,Unknown,8608.358521,477.6128358,7.216421772,15.28102466,8.064602885,0.01593739,P273
274,Holocaust Memorial Park,,500 E Lombard St,"5500 EAST LOMBARD ST, BALTIMORE, MD, 21224",1.200877558,N,Board of Trustees of the New Community College,Alternate Provider - Civic Space,N,,Carroll,11,Central,46,Unknown,52310.2265,906.6974462,24.9293818,56.73849467,1.576957117,0.0189374,P274
275,President & Pratt Street Park,Inner Harbor,S President St & E Pratt St,"SOUTH PRESIDENT ST & EAST PRATT ST, BALTIMORE, MD, 21202",0.446126922,N,Downtown Partnership,Alternate Provider - Citywide Park,N,,Patterson,12,Central,46,Unknown,19433.2887,870.214196,5.103798425,74.90066856,22.70333241,0.101286083,P275
276,University Square Park,,W Baltimore St & S Paca St,"WEST BALTIMORE ST & NORTH PACA ST, BALTIMORE, MD, 21201",1.383420693,N,State of Maryland,Alternate Provider - Mini Park,N,,Carroll,11,Central,40,Unknown,60261.80536,1017.393607,28.79174694,73.97862186,0.001658537,2.29E-05,P276
277,Warner Street Park,Warner Street Traffic Island,611 Warner St,"611 WARNER ST, BALTIMORE, MD, 21230",0.445510511,Y,BCRP,Green Space,Y,,Carroll,10,Southern,46,Unknown,19406.51544,774.3194172,66.32585719,94.29437511,27.04307116,0.120480688,P277
278,Russell Street Park,,Russell St & Washington Blvd,"RUSSELL ST & WASHINGTON BLVD, BALTIMORE, MD, 21230",0.58980409,N,Maryland Stadium Authority,Alternate Provider - Civic Space,N,,Carroll,10,Southern,46,Unknown,25691.86627,973.8009086,4.795364177,31.78937156,6.901337554,0.040704534,P278
279,Raven's Walk,,W Lee St and S Eutaw St,"W LEE ST & S EUTAW ST, BALTIMORE. MD, 21201",3.704711137,N,Maryland Stadium Authority,Alternate Provider - Civic Space,N,,Carroll,"10, 11",Southern,46,Unknown,161377.2174,3803.907622,44.82637133,50.03728657,13.27001022,0.491617513,P279
280,Pope John Paul II Prayer Garden,,W Franklin St & N Charles St,"WEST FRANKLIN ST & NORTH CHARLES ST, BALTIMORE, MD, 21201",0.12289097,N,Trustees of the Catholic Cathedral Church of Baltimore,Alternate Provider - Mini Park,N,,Carroll,11,Central,46,Unknown,5353.130615,302.6611618,31.03922018,87.92393578,1.088899875,0.001338165,P280
281,Eager Park,,E Eager St & N Wolfe St,"EAST EAGER ST & NORTH WOLFE ST, BALTIMORE, MD, 21205",4.665261997,N,Eastern Baltimore Development INC,Alternate Provider - Neighborhood Park,N,,Patterson,"12, 13",Southeastern,45,Unknown,203218.8126,3413.702667,4.790477598,45.96661034,15.48909781,0.722609884,P281
282,Memorial Stadium Park,,1000 E 33rd St,"1000 EAST 33RD ST, BALTIMORE, MD, 21218",0.776451341,N,Stadium Place Association INC,Alternate Provider - Mini Park,N,,Clifton,14,Northeastern,43,Unknown,33822.2204,800.6669308,15.48354052,80.11172803,1.664574207,0.01292466,P282
283,Perkins Spring Square Park,,Myrtle Ave & Murphy LN,"MYRTLE AVE & MURPHY LN, BALTIMORE, MD, 21201",1.381702246,N,"HABC / Heritage Crossing Site, LLC",Alternate Provider - Mini Park,Y,,Gwynns Falls,11,Western,40,Unknown,60186.95007,1185.046608,16.80826258,59.13299563,46.16299423,0.63783768,P283
284,Canton Square,,1198 S Linwood Ave,"1198 SOUTH LINWOOD AVE, BALTIMORE, MD, 21224",0.343152499,N,Canton Square Homeowners,Alternate Provider - Mini Park,N,,Patterson,1,Southeastern,46,Unknown,14947.72284,483.5741758,58.78182383,83.87604962,42.79299981,0.146845835,P284
285,South Baltimore Little League,,1101 E Fort Ave,"1101 EAST FORT AVE, BALTIMORE, MD, 21230",3.895371711,N,South Baltimore Little League,Alternate Provider - Special Use - Facility,N,,Carroll,11,Southern,46,Unknown,169682.3918,2070.545737,1.802039561,86.37028417,0.006218982,0.000242253,P285
286,Baltimore Immigration Memorial Park,,Hull Street at Inner Harbor,"900 HULL ST, BALTIMORE, MD, 21230",0.730462488,N,UA Locust Point Holdings LLC,Alternate Provider - Mini Park,N,,Carroll,11,Southern,46,Unknown,31818.94598,962.5040753,3.766399545,29.12638311,,,P286
287,Under Armour Waterfront Park,,1020 Hull St,"1020 HULL ST, BALTIMORE, MD, 21230",1.584105453,N,UA Locust Point Holdings LLC,Alternate Provider - Mini Park,N,,Carroll,11,Southern,46,Unknown,69003.63361,2599.112437,3.491470834,8.232644967,1.626717807,0.025769029,P287
288,Darley Park,Gateway Park,Harford Rd & Normal Ave,"HARFORD RD & NORMAL AVE, BALTIMORE, MD, 21218",0.621248001,N,Department of Housing & Community Development,Alternate Provider - Mini Park,Y,,Clifton,12,Eastern,45,Unknown,27061.56274,997.6236823,8.340393273,39.20796129,0.129298138,0.000803265,P288
289,Singer Park,,720 Singer Ave,"720 SINGER AVE, BALTIMORE, MD, 21211",0.140490958,N,"Singer Park & Play, INC",Alternate Provider - Green Space,N,,Druid Hill,14,Northern,40,Unknown,6119.786194,414.6910605,62.96640642,98.10494169,21.44887224,0.030133847,P289
290,Masonville Cove Environmental Center,,1000 Frankfurst Ave,"1000 FRANKFURST AVE, BALTIMORE, MD, 21226",60.70407044,N,State of Maryland,Alternate Provider - Special Use - Facility,N,,Carroll,10,Southern,46,Unknown,2644269.308,7385.656951,11.61115867,95.9810037,76.85442185,46.653949,P290
291,Poplar Hill Park,,Bellemore Rd & Falls Rd,"BELLEMORE RD & FALLS RD, BALTIMORE, MD, 21209",0.689847646,N,Poplar Hill Parks INC,Alternate Provider - Forest,N,,Druid Hill,5,Northern,41,Unknown,30049.76343,887.8981603,95.91216632,99.9499738,59.77673137,0.412370023,P291
292,The Secret Garden,,2010 Park Ave (Rear),"2010 PARK AVE, BALTIMORE, MD, 21217",0.108592711,N,Baltimore Greenspace,Alternate Provider - Green Space,N,,Druid Hill,7,Western,40,Unknown,4730.298462,278.3860379,82.01759499,92.120344,79.5340014,0.086368474,P292
293,Fairwood Forest,,5800-5900 Fairwood Ave,"5800 FAIRWOOD AVE, BALTIMORE, MD, 21206",3.277145743,N,Baltimore Greenspace,Alternate Provider - Forest,N,,Clifton,2,Northeastern,45,Unknown,142752.4686,2442.877835,98.87052129,99.72189974,70.86791412,2.322454121,P293
294,Ash Street Community Garden,Baltimore Free Farm,3509 Ash St,"3509 ASH ST, BALTIMORE, MD, 21211",0.106085736,N,Baltimore Greenspace,Alternate Provider - Green Space - Garden,N,,Druid Hill,7,Northern,40,Unknown,4621.094604,297.7167349,37.35879456,96.65761027,,,P294
295,Oakenshawe Green Space,,3400 Barclay St,"3400 BARCLAY ST, BALTIMORE, MD, 21218",0.344285723,N,Baltimore Greenspace,Alternate Provider - Green Space,N,,Clifton,14,Northern,43,Unknown,14997.08618,578.6453858,72.88718254,96.41031107,47.99220958,0.165230987,P295
296,McAllister Park,,1800 Barclay St (Rear),"1800 BARCLAY ST, BALTIMORE, MD, 21202 (REAR)",0.301903363,N,Baltimore Greenspace,Alternate Provider - Green Space,N,,Patterson,12,Eastern,45,Unknown,13150.91046,490.4915728,23.81207004,93.06016064,21.84651173,0.065955617,P296
297,Victorine Q. Adams Memorial Garden,,Adjacent to 3200 Vickers Rd,"3200 VICKERS RD, BALTIMORE, MD, 21216",0.271992114,N,Baltimore Greenspace,Alternate Provider - Green Space - Garden,N,,Gwynns Falls,7,Northwestern,40,Unknown,11847.97638,528.8820967,21.21426761,96.20976047,6.75354211,0.018369175,P297
298,Mount Clare Street Community Garden,,1017 Boyd St,"1017 BOYD ST, BALTIMORE, MD, 21223",0.197630393,N,Baltimore Greenspace,Alternate Provider - Green Space - Garden,N,,Gwynns Falls,9,Southwestern,40,Unknown,8608.779846,485.1354489,65.89472978,84.28789212,22.62604983,0.04471613,P298
299,Remington Village Green,,2812-2822 Fox St,"2812 - 2822 FOX ST, BALTIMORE, MD, 21211",0.102090241,N,Baltimore Greenspace,Alternate Provider - Green Space - Garden,N,,Druid Hill,14,Northern,43,Unknown,4447.050903,267.5025174,4.957163398,91.730712,3.376562182,0.003447154,P299
300,Charles M. Halcott Square,,104 S Duncan St,"104 SOUTH DUNCAN ST, BALTIMORE, MD, 21231",0.088486473,N,Baltimore Greenspace,Alternate Provider - Green Space,N,,Patterson,1,Southeastern,46,Unknown,3854.470825,270.6480521,84.97120372,99.3953736,,,P300
301,North Duncan Street Community Garden,,502 N Duncan St,"502 NORTH DUNCAN ST, BALTIMORE, MD, 21205",0.024711323,N,Baltimore Greenspace,Alternate Provider - Green Space - Garden,N,,Patterson,13,Southeastern,45,Unknown,1076.425232,136.8375784,38.3980407,89.03490478,,,P301
302,Duncan Street Miracle Garden,,1800 N Duncan St,"1800 NORTH DUNCAN ST, BALTIMORE, MD, 21213",0.66991364,N,Baltimore Greenspace,Alternate Provider - Green Space - Garden,N,,Patterson,12,Eastern,45,Unknown,29181.43811,973.4262637,16.83004818,75.98180438,38.62670033,0.258766569,P302
303,Brentwood Commons,,1816 Brentwood Ave,"1816 BRENTWOOD AVE, BALTIMORE, MD, 21202",0.078666604,N,Baltimore Greenspace,Alternate Provider - Green Space,N,,Patterson,12,Eastern,45,Unknown,3426.717285,247.1679895,12.22171566,48.96096298,36.73924732,0.028901634,P303
304,Upper Fells Point Community Garden,,1827 E Pratt St,"1827 EAST PRATT ST, BALTIMORE, MD, 21231",0.104549133,N,Baltimore Greenspace,Alternate Provider - Green Space - Garden,N,,Patterson,13,Central,46,Unknown,4554.160217,290.0649304,3.046710287,72.41222459,,,P304
305,Pigtown Horseshoe Pit,,1217 Bayard St,"1217 BAYARD ST, BALTIMORE, MD, 21230",0.019854869,N,Baltimore Greenspace,Alternate Provider - Green Space,N,,Carroll,10,Southern,40,Unknown,864.8781738,164.4731942,14.74119761,14.74119761,,,P305
306,Northwood Baseball League,,1801 Argonne Dr,"1801 ARGONNE DR, BALTIMORE, MD, 21218",5.252156294,N,Northwood Baseball League,Alternate Provider - Neighborhood Park,Y,,Clifton,14,Northeastern,43,Unknown,228783.9281,2031.175568,15.93380284,96.00184819,51.57944688,2.709044002,P306
307,Sherwood Gardens,,Stratford Rd & Greenway,"STRATFORD RD & GREENWAY, BALTIMORE, MD, 21218",6.175765956,N,Stratford Green,Alternate Provider - Green Space,N,,Clifton,4,Northern,43,Unknown,269016.3652,2707.526958,52.14384079,99.93289787,80.58225765,4.976591541,P307
308,Guilford Gateway Park,,E University Pkwy & St Paul St,"EAST UNIVERSITY PKWY & SAINT PAUL ST, BALTIMORE, MD, 21218",2.413195887,N,Guilford Association,Alternate Provider - Green Space,N,,Clifton,14,Northern,43,Unknown,105118.8129,1522.408689,58.13089555,99.78868399,92.76177816,2.23853237,P308
309,The Little Park,,St Paul St and St Martins Rd,"3702 GREENWAY, BALTIMORE, MD, 21218",1.358291394,N,Guilford Association,Alternate Provider - Green Space,N,,Clifton,14,Northern,43,Unknown,59167.1731,1005.65534,73.80195645,100.0000549,31.19297255,0.423693156,P309
310,Sunken Park,,Overhill Rd and N Charles St,"OVERHILL RD & N CHARLES ST, BALTIMORE. MD, 21210",1.11594667,N,Guilford Association,Alternate Provider - Green Space,N,,Druid Hill,14,Northern,41,Unknown,48610.6369,871.5360801,50.31934692,99.99999775,60.07448231,0.670401867,P310
311,Bedford Square,,Bedford Pl & St Paul St,"BEDFORD PL & SAINT PAUL ST, BALTIMORE, MD, 21218",0.081780371,N,Guilford Association,Alternate Provider - Green Space,N,,Clifton,4,Northern,43,Unknown,3562.352966,291.7937522,88.61229839,99.99980692,83.45865897,0.068253074,P311
312,Broadway Pier,,920 S Broadway,"920 SOUTH BROADWAY, BALTIMORE, MD, 21231",0.261245868,N,Department of Docks & Wharves,Alternate Provider - Civic Space,Y,,Patterson,1,Central,46,Unknown,11379.87,593.5906058,,20.41270913,20.41270913,0.053327572,P312
313,Broadway Market Square,,1641 Lancaster St,"1641 LANCASTER ST, BALTIMORE, MD, 21231",0.751186618,N,Mayor & City Council,Alternate Provider - Civic Space,Y,,Patterson,1,Central,46,Unknown,32721.68909,754.5055828,31.03360826,31.03360826,5.927752046,0.044528658,P313
314,Charles Plaza,,100 N Charles St,"100 NORTH CHARLES ST, BALTIMORE, MD, 21201",1.110379535,N,Charles Plaza LLC,Alternate Provider - Civic Space,N,,Carroll,11,Central,40,Unknown,48368.1322,1145.40196,2.953333535,6.539416138,2.581506463,0.028664634,P314
315,Frederick & Brunswick Traffic Island,,Frederick Ave and Brunswick St,"FREDERICK & BRUNSWICK ST, BALTIMORE, MD. 21223",0.197182602,Y,BCRP,Green Space,Y,,Carroll,9,Southwestern,40,Unknown,8589.308594,428.8964581,0.209191523,53.28517428,9.810501612,0.019344757,P315
316,Cotwood Place Traffic Island,,3401 Cotwood Pl,"COTWOOD PL, BALTIMORE, MD, 21215",0.1337769,Y,BCRP,Green Space,Y,,Druid Hill,6,Northern,40,Unknown,5827.345032,308.1396493,44.87651737,93.51274853,90.22424406,0.120700162,P316
317,Mosher Street Park,,1427 Eutaw Pl,"1427 EUTAW PL, BALTIMORE, MD, 21217",0.1970214,N,Department of Transportation,Alternate Provider - Mini Park,Y,,Druid Hill,11,Western,40,Unknown,8582.252197,391.9621124,46.79542986,65.59473836,0.040430785,7.97E-05,P317
318,Rosedale & Belmont Park,,1403 Rosedale St,"1403 NORTH ROSEDALE ST, BALTIMORE, MD, 21216",0.041970626,N,Department of Housing & Community Development,Alternate Provider - Green Space,Y,,Gwynns Falls,9,Northwestern,40,Unknown,1828.240479,182.4391929,67.33669569,99.99999904,,,P318
319,Saint Mary & Paca Traffic Island,,450 St Mary St,"450 SAINT MARY ST, BALTIMORE, MD, 21201",0.060230187,Y,BCRP,Green Space,Y,,Carroll,11,Central,40,Unknown,2623.63739,329.7118625,16.76254596,91.3759915,16.29064828,0.009811966,P319
320,Sarah Ann Park,,1122 W Saratoga St,"1122 WEST SARATOGA ST, BALTIMORE, MD, 21223",0.138667811,N,Department of Housing & Community Development,Alternate Provider - Green Space,Y,,Gwynns Falls,9,Southwestern,40,Unknown,6040.369873,317.7648709,35.41680206,91.51228248,37.14271828,0.0515052,P320
321,Racheal Wilson Park,,145 S Calverton Rd,"145 SOUTH CALVERTON RD, BALTIMORE, MD, 21223",0.660402823,Y,BCRP,Green Space,Y,,Gwynns Falls,9,Southwestern,40,Unknown,28767.2619,1004.041569,34.43085085,67.82624022,0.967224095,0.006387626,P321
322,Mighty Park,,3041 Stafford St,"3025 - 3049 STAFFORD ST, BALTIMORE, MD, 21223",1.154651126,Y,"Jeremy's Tree Service, LLC",Alternate Provider - Neighborhood Park,N,,Gwynns Falls,9,Southwestern,40,U,50296.80432,1016.938776,39.82173037,92.12056,1.031735432,0.01191304,P322
323,Midway Park,,2226 Kirk Ave,"2226 KIRK AVE, BALTIMORE, MD 21218",0.45497698,Y,Maryland Transit Authority/BCRP,Mini Park,N,,Clifton,12,Eastern,43,U,19818.87659,572.5763602,9.801745878,70.01655876,0.022564059,0.000102662,P323
324,Your Playground,,1604 Ellsworth St,"1604 ELLSWORTH ST, BALTIMORE, MD, 21213",0.498685351,N,Preston Community Development Corporation,Alternate Provider - Mini Park,N,,Patterson,12,Eastern,45,U,21722.82074,590.8966946,1.255018794,91.77123214,6.623274492,0.033029564,P324
325,Barclay Park,,1719 Barclay St,"1719 BARCLAY ST, BALTIMORE, MD, 21202",0.213892477,N,"Greenmount West Properties, LLC",Alternate Provider - Mini Park,N,,Patterson,12,Eastern,45,U,9317.194397,390.4485494,41.72411098,82.16444003,32.65665212,0.069850687,P325
326,Wonderground,,409 E Lanvale St,"409 E LANVALE ST, BALTIMORE, MD, 21202",0.293814176,N,"New Greenmount West Community Association, INC",Alternate Provider - Mini Park,N,,Patterson,12,Eastern,45,U,12798.61932,522.5627859,38.26201821,82.49201123,5.761644478,0.016928693,P326
327,Paul Povlock Memorial Park,Hunter's Lot Park,1700 Hunter St,"1700 HUNTER ST, BALTIMORE, MD, 21202",0.209965017,N,Daniel Schoch,Alternate Provider - Mini Park,N,,Patterson,12,Eastern,45,U,9146.110535,382.5407548,58.26310898,95.35783739,52.11095457,0.109415625,P327
328,26th Street Green,,221-229 E 26th St,"221-229 E 26TH ST, BALTIMORE, MD, 21218",0.126583913,N,Department of Transportation,Alternate Provider - Civic Space,Y,,Clifton,12,Northern,43,U,5514.015991,371.1697592,3.56440946,4.223989383,0.409549927,0.000518428,P328
329,The Meadow,,200 W Lexington St,"200 W LEXINGTON ST, BALTIMORE, MD, 21201",0.922557883,N,"Downtown Partnership (C-W Superblock, LLC)",Alternate Provider - Mini Park,N,,Carroll,11,Central,40,U,40186.7821,801.8912924,,74.46396573,0.111560556,0.001029219,P329
331,Wills Park,Inner Harbor,1401 Point St,"1401 POINT ST, BALTIMORE, MD, 21231",0.564947146,N,"Waterfront Partnership (Wills Street Pier, LLC)",Alternate Provider - Mini Park,N,,Patterson,12,Central,46,U,24609.19617,812.5242995,,5.753919258,5.753919258,0.032506863,P331
333,Gwynns Falls / Leakin Park @ Leon Day Park,Gwynns Falls / Leakin Park,1198 N Franklintown Rd,"1198 N FRANKLINTOWN RD, BALTIMORE, MD, 21216",16.06836579,Y,BCRP,Neighborhood Park,Y,,Gwynns Falls,9,Northwestern,40,Y,699940.8135,3520.192946,22.86520911,92.69596456,11.00065373,1.767639422,P245
334,Gwynns Falls / Leakin Park,"Campground, Eagle Drive, Leon Day, Morris Rd & North Avenue, Seminole Avenue, Stokes Drive",4921 Windsor Mill Rd,"4921 WINDSOR MILL RD, BALTIMORE, MD, 21207",864.6081589,Y,BCRP,Citywide Park,Y,,Gwynns Falls,"7,8,9",Northwestern/Southwestern,40/41,Y,37662482.05,122378.1782,94.00190837,99.15563364,93.89554573,811.8350439,P245
343,Gwynns Falls / Leakin Park @ Morris Road & North Ave,Gwynns Falls / Leakin Park,Morris Rd & W North Ave,"MORRIS RD & W NORTH AVE, BALTIMORE, MD, 21216",33.65470389,Y,BCRP,Neighborhood Park,Y,,Gwynns Falls,7,Northwestern,41,Y,1466004.766,7032.658295,78.55986005,96.23673864,72.00976783,24.23486801,P245
355,Gwynns Falls / Leakin Park @ Semionole Ave Park,Gwynns Falls / Leakin Park,Seminole Ave & Kevin Rd,"SEMINOLE AVE & KEVIN RD, BALTIMORE, MD, 21229",2.858211512,Y,BCRP,Neighborhood Park,Y,,Gwynns Falls,8,Northwestern/Southwestern,41,Y,124504.1917,1975.425135,12.0254458,99.81685304,99.48466,2.843504753,P245
357,Gwynns Falls / Leakin Park @ Campground,Gwynns Falls / Leakin Park,4921 Windsor Mill Rd,"4921 WINDSOR MILL RD, BALTIMORE, MD, 21207",2.179909761,Y,BCRP,Special Use - Facility,Y,,Gwynns Falls,7,Northwestern,41,Y,94957.24908,1366.432557,66.88225085,89.23450605,61.63707381,1.343643337,P245
365,Gwynns Falls / Leakin Park @ Eagle Drive,Gwynns Falls / Leakin Park,Sloman Dr & Windsor Mill Rd,"SLOMAN DR & WINDSOR MILL RD, BALTIMORE, MD, 21207",68.06861813,Y,BCRP,Neighborhood Park,Y,,Gwynns Falls,8,Northwestern,41,Y,2965080.866,8573.053091,45.22121189,91.15778822,22.68945293,15.44452062,P245
367,Gwynns Falls / Leakin Park @ Stokes Drive,Gwynns Falls / Leakin Park,Stokes Dr & Wildwood Pkwy,"STOKES DR & WILDWOOD PWKY, BALTIMORE, MD, 21229",6.103714236,Y,BCRP,Neighborhood Park,Y,,Gwynns Falls,8,Northwestern,41,Y,265878.8557,3794.39305,13.92942266,84.65527128,82.99087368,5.065566296,P245
368,Cloverdale Park,Druid Hill Park,2556 Druid Hill Ave,"2556 DRUID HILL AVE, BALTIMORE, MD, 21217",1.700076429,Y,BCRP,Neighborhood Park,Y,,Druid Hill,7,Western,40,Yes,74055.62506,1230.067966,54.45473546,88.90174488,53.71829618,327.1701127,P368
369,Druid Hill Park,,900 Druid Park Lake Dr,"900 DRUID PARK LAKE DR, BALTIMORE, MD, 21217",607.3428729,Y,BCRP,Citywide Park,Y,,Druid Hill,7,Northern/Western,40,Yes,26455961.37,40319.85211,54.45473546,88.90174488,53.71829618,327.1701127,P367
381,Umbra Street Park,,Hudson St and Umbra St,"HUDSON ST AND UMBRA ST, BALTIMORE, MD, 21224",2.008238178,N,Department of Transportation,Alternate Provider - Mini Park,Y,,Patterson,1,Southeastern,46,U,87479.20496,1601.994723,,,,,P381
